Sample,Ax,Ay,Az,Gx,Gy,Gz
0,-3203,4794,941,-283,498,341
1,-2428,29,4619,-1529,-1071,725
2,-5319,7902,1013,1176,1998,686
3,2003,7922,-7296,-1035,898,897
4,2003,7922,-7296,-1035,898,897
5,2003,7922,-7296,-1035,898,897
6,2003,7922,-7296,-1035,898,897
7,2003,7922,-7296,-1035,898,897
8,2003,7922,-7296,-1035,898,897
9,2003,7922,-7296,-1035,898,897
10,2003,7922,-7296,-1035,898,897
11,2003,7922,-7296,-1035,898,897
12,2003,7922,-7296,-1035,898,897
13,2003,7922,-7296,-1035,898,897
14,2003,7922,-7296,-1035,898,897
15,2003,7922,-7296,-1035,898,897
16,2003,7922,-7296,-1035,898,897
17,2003,7922,-7296,-1035,898,897
18,7260,-2204,-3270,-1831,-1083,1850
19,2735,1117,-4713,1628,-1637,-1291
20,-3462,-7927,6234,-1498,730,-346
21,-1133,7384,4167,-1345,-1291,-867
22,-7129,-1476,7379,1023,658,-555
23,3394,-6683,-4359,1986,1416,-1997
24,7218,-2743,7174,-978,254,702
25,-6353,-5944,-3691,-589,-114,-1165
26,1466,-3022,5263,-758,-1216,325
27,1222,5676,652,272,-172,445
28,-5451,3303,-5487,634,701,1711
29,6868,-1643,1817,-1765,894,-903
30,-1444,6449,6078,-798,1301,-225
31,2712,-337,-388,680,-1720,862
32,4256,-1362,973,230,1090,-1588
33,3532,-3267,7784,-1001,582,-57
34,-6275,6404,-7120,-1390,-1729,-1249
35,7844,-5901,4714,-1185,815,176
36,2123,-1820,7532,-584,798,-1531
37,4277,-6236,-6373,-1721,-1318,1667
38,3142,-1630,-3358,-1278,-1181,-1593
39,-1825,-2029,-5745,-1194,247,-1597
40,-773,-3800,3597,1487,-708,852
41,-1165,6459,-4089,-1876,-1038,-80
42,207,3935,-4449,-1766,-767,-571
43,-3241,5473,1917,-394,-1794,-907
44,4949,-7742,4539,162,-1292,636
45,-1610,-5560,2522,752,1229,-1642
46,5074,1671,-4031,-1291,637,1478
47,7844,7746,-4817,291,148,-1236
48,6961,-6099,-7584,140,-781,645
49,5839,7902,-7414,883,-651,-1676
50,-5269,-4732,-4765,212,549,-61
51,6327,6666,-7006,1693,-1207,471
52,5339,-6286,-2451,-1879,-966,1182
53,4139,-4944,66,-201,-843,-1058
54,5174,-3080,-4545,-1997,1909,-586
55,6597,3334,-3943,-817,-1036,-1653
56,7637,-2678,5178,-620,-1827,-1645
57,-5733,-193,-7348,-1887,1750,1651
58,987,-7439,2687,1013,-728,985
59,4834,4991,-7466,-1278,1388,854
60,-7132,4711,7643,1402,-688,443
61,7744,7586,-2658,-1616,1362,-579
62,-7580,816,6844,-256,868,-801
63,-6412,-1316,3158,-596,991,-128
64,-4789,4183,5623,-1615,211,-884
65,78,980,-6398,1116,560,-1224
66,4063,5912,-4230,268,-14,-1270
67,6161,-6733,-1423,-1601,-1474,-1060
68,2927,-7322,6615,-260,-56,-1828
69,-4741,-563,3465,-960,1242,-1777
70,-596,6851,-568,720,645,-1895
71,-5361,-7699,-6047,865,-1500,-234
72,-2221,-2968,6837,754,1303,1152
73,-3134,-3483,-6851,1144,872,1831
74,-2302,-5159,6386,-1576,-60,-1574
75,6576,2634,1034,1050,805,-792
76,5532,-2985,-4980,537,-708,1482
77,1625,-7896,4419,528,122,610
78,4736,4117,-3500,-917,-1050,1488
79,-2746,1387,-6770,900,-176,1919
80,2573,-4810,-4752,-841,-30,1072
81,-4614,-6743,-7974,-1367,183,970
82,-552,-3663,-3524,-1134,254,1265
83,-3003,-4295,6796,-961,-965,248
84,3773,-882,-7389,-228,1267,-970
85,-5011,3582,-1290,1480,-1091,-914
86,4333,-3193,1915,1797,-902,1507
87,-4221,-4164,-6262,-678,-1452,169
88,-6820,-6835,6392,-123,58,-756
89,-1436,-7312,-6566,-266,-1418,-1933
90,237,4270,-631,-576,1294,565
91,-471,-825,-4753,381,-427,78
92,-1768,-5104,7997,905,-1710,1278
93,7059,-5242,3180,-649,1063,1005
94,-1218,5608,-6317,-705,-704,1211
95,7204,-6517,-1007,1102,1693,1336
96,3004,-6617,1324,938,-1573,1656
97,-721,4212,2608,296,-702,-1022
98,5337,-1513,-732,-877,-63,-700
99,7808,1003,3369,57,-707,-845
100,-882,-6700,-206,274,-1226,233
101,-2524,-4574,-2266,-890,-550,1417
102,-6455,-3300,6597,-909,-563,546
103,-6780,3508,-4656,1536,842,-1268
104,1800,-7147,-7298,1247,1738,-342
105,6447,1474,-916,1011,512,-1277
106,1416,-816,-5072,-940,561,-1436
107,-7030,4099,3902,-194,988,1426
108,4471,-3708,-5343,-1042,-1859,1698
109,-2367,-1097,3816,-487,290,-344
110,-3481,-2945,2557,-1360,-1972,917
111,-692,1032,2545,1845,-288,-1421
112,-736,-6637,6473,-82,-1679,-1474
113,-188,7486,5727,476,-1674,1189
114,3242,1283,5493,-742,1520,-1479
115,7866,104,7941,1421,-256,-1871
116,-4511,6194,6598,772,-1317,-47
117,4775,-2659,-3920,-1798,-1390,-1257
118,-3937,-3959,-41,-802,-957,-462
119,3979,2800,-1713,1860,88,913
120,7175,5925,7153,-534,-887,-1106
121,-6951,-570,167,-1094,363,-364
122,-5941,-1670,3393,1196,-1944,-1686
123,-1514,-6178,-1643,-96,-860,-1399
124,-1984,20,-6237,-971,1114,813
125,-1783,-1870,-237,467,1228,584
126,-2829,-1751,3171,971,-1722,1153
127,-3160,-5012,7009,1692,681,540
128,-794,-6616,-50,1193,1842,-636
129,4576,4461,-2145,501,-715,-1847
130,6303,-7109,4808,-200,227,-978
131,-4245,-2972,-2464,-1675,-1327,919
132,-4341,431,-785,869,452,711
133,-4739,-766,-3317,-822,-1388,219
134,1505,1247,-1805,-1133,726,-1701
135,-3055,1517,-2494,516,-1873,995
136,-7937,547,-6429,25,-76,803
137,3053,-5418,-5300,-897,1649,1500
138,4724,7648,923,994,704,-1428
139,6343,-7465,1657,1226,-428,1766
140,321,2699,5975,-1412,-1059,-1637
141,-3597,5906,4276,-449,-496,-1388
142,7820,4624,5554,-1765,238,587
143,-5954,1675,-2317,1790,653,-1979
144,3463,-748,2658,557,-308,1524
145,5322,1323,-4316,-885,1485,-1241
146,1237,1064,-7647,1046,1268,733
147,7997,4985,-2042,1470,1280,762
148,-7972,6361,-3198,-1823,1254,-491
149,-2889,62,6379,-1480,-1036,917
150,1683,3989,2375,-395,1270,-341
151,-4989,-1129,-447,1598,1038,716
152,3826,1716,1916,-1299,-1241,1576
153,-5214,7595,3533,1436,-396,-1100
154,-3886,3144,6187,1043,-902,-407
155,-7936,-3502,-5540,-1305,-806,505
156,-2254,-6504,-3604,-166,-241,494
157,6527,-5312,-5405,-1098,-1737,691
158,-5230,2059,5639,436,776,-863
159,-93,5514,1371,1797,347,-1925
160,-7514,2752,6395,1118,74,1465
161,-5318,-5287,323,-1930,465,1692
162,1017,-3085,-1537,307,-1369,123
163,7611,2795,3915,-730,1971,-1305
164,-1474,-3396,-2555,-1218,1392,84
165,-1147,-3262,419,-867,1691,325
166,-5167,-3620,4659,-1050,-988,-591
167,7865,-1330,-6387,-880,632,674
168,1053,-5837,4396,-1948,-96,-1368
169,5673,3907,2156,-793,914,-1275
170,-1923,6307,3590,-1841,-399,-104
171,2754,-1050,150,-996,936,-1467
172,-5287,7751,5918,1803,-1069,-1250
173,7090,-4578,3947,482,-360,978
174,924,-5249,1856,1312,-1567,-721
175,-151,-6552,-1870,-153,1389,-185
176,-4623,-5369,-4336,195,1850,-587
177,3117,109,1428,1771,741,797
178,-893,-2275,624,-838,-1053,-1619
179,6789,-4235,6289,1106,-553,-20
180,-1574,4450,-1114,337,1769,-986
181,2761,-6229,-4724,1542,-868,985
182,5836,1278,3111,305,542,-1807
183,-4896,-5900,5575,940,1666,495
184,-1831,-5013,-1955,-738,-1988,-1035
185,-7936,-1332,3038,880,595,-1842
186,-993,-2517,7543,131,-1515,-1058
187,6489,-2267,370,-315,-900,1249
188,6056,7034,-599,-964,-408,-69
189,-4819,-7120,-1112,1727,972,500
190,-777,1458,-2866,38,-1938,-1515
191,5273,-4597,-971,700,1147,1853
192,6919,501,4555,-1750,13,767
193,4793,3302,-6380,-173,1779,-490
194,-6018,-2789,160,-796,827,-343
195,-383,-1392,-6200,361,84,1092
196,7093,3783,-5718,-33,1719,944
197,3111,3183,993,203,-1344,-1159
198,-4912,312,-6035,1556,1755,487
199,-1931,2421,2874,-1097,-983,-1351
200,-6784,7635,7336,-1334,-1345,-1792
201,-5436,-755,6638,-231,-1345,-784
202,1974,-4489,-878,-1985,180,-1716
203,-1262,6500,1319,-1459,-1704,-957
204,-285,-3995,698,-687,-440,740
205,5182,969,7407,-16,-580,85
206,430,555,2953,758,335,-1244
207,6940,-7864,-1013,1499,1416,-1788
208,2390,-775,-4161,-1738,1369,-1029
209,7513,5168,-4925,-1081,1309,479
210,2890,-2703,1903,-1756,431,1255
211,-1776,-6972,-143,753,-1925,-97
212,2392,-6570,4579,589,1659,1007
213,-7399,7556,2854,-343,-1153,1705
214,-7484,2065,3580,-1302,-83,1144
215,-2260,-941,4633,738,993,1394
216,207,-57,-5501,1903,-652,1718
217,-5626,-7214,-2145,-1488,77,-1641
218,4306,-7271,1094,-1116,823,-1482
219,-1941,-7670,2654,1736,-12,-1423
220,703,-1783,-1569,-1297,718,-1632
221,4718,2861,-1046,-1605,792,121
222,4741,-2422,-5505,-49,-1454,1848
223,-7501,-4496,2436,-1452,957,-1152
224,4992,-7639,6802,-988,317,117
225,-2236,1809,-3379,-1335,-1876,253
226,600,-3258,-895,-686,-757,1157
227,5051,-7192,6175,421,-1892,1869
228,4592,2145,3611,-953,-552,699
229,1918,-7794,-7673,-2,-275,413
230,-723,-3658,-1203,469,1190,-1258
231,-657,7854,-575,-31,-345,-899
232,-5306,-7872,885,-1449,-1811,1690
233,2071,7765,-1333,-1558,1495,1862
234,-168,-7751,494,-1012,1605,1612
235,-7992,-6185,6966,-337,-595,-1855
236,-3961,-1237,383,-116,1812,-455
237,3992,-4793,4735,-1403,902,-654
238,5633,-801,4168,-304,596,-622
239,2535,5718,2526,1864,1266,-643
240,315,-12,-7240,1500,-831,1307
241,4285,7953,1319,-34,1222,1681
242,-3981,-3578,-4915,1558,747,1207
243,-1688,1780,-5767,-1168,662,-598
244,-7700,6430,3085,1066,-78,-1223
245,-6481,-2301,4282,-734,1357,252
246,4527,1236,-3411,-1433,-1577,-1874
247,5187,7758,7039,935,-1164,-1095
248,-2550,-1006,7367,-73,456,-1286
249,-5023,4903,4810,1404,-54,-865
250,-6072,4011,-5914,-1098,-760,440
251,927,6444,-5311,-1128,87,-341
252,59,975,4037,-1648,-135,1047
253,5752,-57,4398,903,84,-1201
254,-922,-5239,3799,-1124,-1915,1616
255,1530,-5287,3201,1283,-1594,-1607
256,7989,1119,5277,-107,1943,1908
257,870,-3866,-4815,-854,669,771
258,7551,3317,-6219,1518,669,-1526
259,2831,4169,-1985,9,1577,1442
260,-3163,7584,-6699,-1552,-14,1497
261,-3822,-1572,-2588,-545,743,-52
262,-1008,5616,1803,879,-876,1133
263,5573,5551,4940,676,-1103,172
264,-5175,-4316,-3912,-1988,590,-1681
265,-3149,5150,-4849,149,-870,-1649
266,6138,-2036,5146,1580,1260,1398
267,-1999,3674,-3960,177,691,-912
268,-844,-5838,7319,519,1120,-1094
269,-5953,1366,-2570,299,-596,-511
270,-2755,-6387,-2611,741,-828,-152
271,7902,372,-1847,186,-722,1420
272,-2316,1342,-5410,1153,-1215,-1535
273,-1903,-4900,603,-1305,-1085,1605
274,3385,6478,-2539,-549,547,-938
275,-5277,7417,4421,1643,-1302,36
276,-3075,-5938,-3107,1272,102,-1552
277,-3034,-6216,-779,1712,1329,-1890
278,6201,2886,6348,1440,1174,1107
279,-7021,-2807,1427,1110,-1306,-115
280,3224,7463,4653,1777,920,-1130
281,-6635,-5065,-4658,-1799,1811,469
282,-2078,-38,-7401,-1520,193,-1683
283,2998,-1305,-1263,-297,-1794,-1150
284,-5308,-7737,4613,-1145,1300,-751
285,-7262,-6601,5430,-439,1443,42
286,7376,6129,7627,25,-1269,836
287,6686,-1089,963,127,1928,-170
288,6713,-397,6518,825,-1297,176
289,-6254,7232,-1467,320,-805,1894
290,7933,-6820,594,-1267,917,-992
291,6927,1425,-3201,1071,-526,-733
292,-6271,-2975,-3240,-1327,773,1039
293,5660,-6771,-7918,-940,717,1204
294,-2887,-5732,800,-1638,218,1200
295,-1082,7003,2548,-406,1386,653
296,2653,3286,4067,1709,1198,-1211
297,-2788,4105,-5861,-1606,1931,-721
298,-6573,-5999,1185,-920,-801,682
299,-2796,7004,1498,-10,1729,-718
300,-3621,2220,5692,891,1959,-297
301,-5008,7929,1166,-1286,-82,-1279
302,2227,-4333,-959,-119,-1690,-743
303,-7208,-2815,1262,-1726,686,-1052
304,3808,3742,-3728,1924,-446,1847
305,-4205,3404,-2079,1325,-1558,1621
306,5,4112,-5774,-88,258,-1556
307,5472,-7066,-4486,552,880,1286
308,7818,-2595,-4436,-1885,559,-1279
309,-7580,-1332,1648,208,-816,-625
310,-569,-6239,4944,953,616,-802
311,-5026,-2827,-4096,-330,-1411,961
312,167,3500,-4060,-486,-1364,1226
313,-2758,-3030,-5362,-238,1909,-1919
314,-960,-1215,-4541,-894,37,-903
315,-6004,-3444,4320,-225,1960,-1546
316,4391,1318,-5126,-1269,1688,-1652
317,-5087,540,4289,-808,1618,1185
318,3391,6922,-5179,-1037,62,1475
319,-2515,-1225,2690,1251,-634,-34
320,-313,-158,-2146,1763,-1903,-588
321,7010,-4852,21,-1590,-1043,80
322,1452,3488,-727,-112,-620,-1732
323,6137,349,-3101,-1797,1344,1998
324,-5917,3463,1512,1020,-1423,1667
325,6850,-5106,5178,1729,-37,-169
326,-1726,198,-1007,-838,-2000,1050
327,3382,3329,-4604,-1649,1201,-564
328,-2281,-5347,-1037,1442,-1470,-1594
329,7697,1945,-795,-1570,-1198,483
330,509,2220,-3359,-701,-450,-1727
331,6513,1887,3616,-703,-1103,-777
332,5428,1181,7165,1898,1715,1520
333,-3224,6461,1690,-714,1111,561
334,-6244,-2824,-5792,815,86,1439
335,6447,3866,173,-1838,-652,-242
336,7211,2071,3782,-807,-1882,-1570
337,4167,-6578,6749,242,-698,1130
338,4018,-2528,-3218,-715,1296,-340
339,-2679,-6603,-5114,-487,1880,1765
340,5605,-665,-2762,1332,-1114,-419
341,-7201,6590,-6287,956,585,-188
342,-7370,24,-2473,330,593,477
343,2424,1037,-3902,-1722,1889,-1108
344,-7361,6228,5700,-875,695,1378
345,-2750,-7893,-7644,-904,-1087,1960
346,3971,4830,3655,721,-125,-579
347,6615,6046,-2921,-1435,-930,1496
348,660,915,117,-4,690,-837
349,-7479,3263,-6197,-711,443,-1714
350,7737,-3480,5478,-170,558,1795
351,-7974,690,4824,-1017,591,813
352,4747,3335,5206,1943,-156,1319
353,-4267,-2555,623,1275,623,-265
354,4473,-7910,-2165,540,120,1188
355,-2827,5970,3795,-454,1433,1347
356,415,-3141,4683,1182,185,221
357,-7078,-317,-560,-1562,-59,-215
358,2268,-3432,3366,1576,1685,-358
359,779,-5223,7224,-608,1539,-96
360,5382,-2837,7341,1463,-1367,1548
361,-4923,3952,5816,750,1750,1767
362,7601,2244,-189,-1479,-1734,181
363,-4666,-4422,201,1834,455,1
364,2938,3489,-2822,-222,641,-584
365,-7517,6006,7886,-1421,-481,502
366,-5414,-3285,-5055,-659,-27,1690
367,-1921,-170,1512,1693,1840,-1621
368,2957,-4312,4756,806,-729,1137
369,-3398,5308,6361,269,1936,406
370,-7475,-3416,-7247,935,-816,-422
371,-4205,772,-3234,-521,-1914,1561
372,628,6129,-3494,653,-1722,-589
373,-7459,-6233,-5077,-338,-41,1186
374,1949,6552,-4123,-520,-1255,-1837
375,5256,4891,4707,-1774,-73,-1550
376,-2682,3876,-109,936,-1453,-1583
377,4148,5410,-4837,-1534,-311,713
378,3982,-3251,5677,1693,-358,-582
379,5611,2070,954,793,-1683,1577
380,-414,-530,3832,1542,1373,-1760
381,-3764,4176,74,382,1536,112
382,-5619,-6998,-6072,1838,1020,-707
383,-4165,1981,-3841,105,1828,-1767
384,3037,-4648,2261,494,1031,1963
385,1170,4599,5416,606,1677,-1412
386,2592,3986,-2680,-1087,1756,-1625
387,981,-5418,-3614,-221,-844,415
388,6591,-344,3593,225,-2,1576
389,-343,-2745,5077,-1915,-36,1333
390,2450,-2156,48,-1272,-1366,23
391,-4309,2443,-6660,-453,-1923,-284
392,-3082,547,-1693,-1748,-630,374
393,-3293,-6259,7283,-1796,165,592
394,5258,1791,2177,-1029,622,-2
395,714,-7979,5243,-1531,-917,225
396,-6354,6698,4263,-1633,444,627
397,-4070,-1024,-3722,-1902,-60,-488
398,-3656,6984,1679,-779,952,206
399,-1177,-2426,2753,-1832,-1985,-684
400,-5619,-2798,-6231,1093,-456,166
401,-7107,3491,-4348,-1588,-1735,-1351
402,5969,2914,-702,135,483,1702
403,-4866,4179,5570,1126,601,-456
404,755,6691,3676,-1009,-1400,-745
405,1968,-4490,3582,-1893,-176,-1979
406,-1398,3593,-7641,-1606,-1300,-1128
407,-1337,-1423,5184,-1445,1379,-1734
408,4096,-6614,-832,922,-1917,-1293
409,7917,4601,5558,-1109,161,705
410,7874,-2414,-2196,1883,-205,462
411,2803,3104,2084,1537,-1047,698
412,2252,4362,-1673,-1022,-1530,1970
413,7419,-3801,-266,-1019,-1777,-728
414,-6638,7862,5689,-281,1633,1713
415,2569,577,-238,902,1936,1486
416,4607,3884,-2417,116,-784,1016
417,-6744,3580,3161,-13,-1688,-597
418,-6292,-3709,5806,-589,-1099,1318
419,5590,-300,-3828,-1129,-1758,418
420,-7872,-6715,3118,-277,580,238
421,-4831,4398,3992,-1160,-630,1815
422,5384,-44,4420,400,-1929,779
423,1715,-2456,-5458,-1871,-1349,-737
424,176,-2350,-7117,867,-1869,-1330
425,7307,1810,1226,-1634,-883,-976
426,2882,-2168,1123,-620,1409,432
427,3759,-7697,-5160,31,813,1301
428,853,-1089,137,-1433,-415,-1159
429,3589,1150,-1217,353,-1805,1187
430,1963,3282,-6836,-1188,-918,774
431,1608,-7174,-6181,1787,-496,-230
432,5053,-4721,6828,133,901,1035
433,-1495,7292,-271,751,769,1694
434,6892,3161,5447,1671,455,-690
435,-4394,-3897,-4358,1813,-1789,1849
436,-7117,651,-6881,-588,329,-226
437,-3332,5171,5559,-9,-956,957
438,7879,-118,-2643,308,636,-1157
439,3906,-2001,-1848,-1390,-1879,-1579
440,-3252,4804,-5405,-1285,-1069,-878
441,2275,-3496,-2645,-392,227,1224
442,1092,-7219,-3026,-1830,-1595,885
443,-7370,2010,4680,482,1166,1417
444,434,-5646,6298,533,-1429,88
445,3592,513,-6786,-195,1218,1212
446,-664,3581,-2689,-1268,1482,1509
447,-7074,-6717,1484,-416,-1262,-46
448,-7581,-5643,-4109,1321,-1135,-1022
449,-4149,-7232,-3553,-401,305,-995
450,-5508,-5030,7114,499,1528,1774
451,6240,-774,501,-1535,-1654,232
452,7255,-6903,8,-804,-1395,-258
453,932,-317,-2572,1085,-139,-33
454,4026,2639,-2175,-1307,1703,-471
455,5681,5806,3674,325,-776,-1252
456,-1349,6518,-4286,1124,-482,-1494
457,7576,-4735,6151,-1391,-1665,-1834
458,-3595,5577,-1280,-315,-311,1564
459,-7072,-7847,-4554,-1729,1220,878
460,5946,7485,-3078,1035,-128,784
461,6173,6938,5617,1308,1890,-1434
462,4494,1016,-4591,-11,1833,-1164
463,1416,-6212,6811,-738,253,1221
464,-1156,1051,2658,39,306,-1366
465,-4321,-4109,-6311,1201,540,-1605
466,5820,682,-6843,1154,-1099,574
467,-6674,-1561,5910,1978,-1136,1265
468,3545,4574,-4116,-173,1252,-130
469,-143,-3780,1870,-1644,1085,-854
470,-1262,1973,6193,605,480,1984
471,-2407,4609,-3656,954,-1975,860
472,-2714,-4897,-318,-1030,-1128,-995
473,-6304,2280,4966,-498,-983,-1935
474,695,2818,-6905,927,1555,519
475,215,5656,115,-75,381,1544
476,-6056,-731,-772,-1331,1210,-1622
477,7232,2888,6609,1889,-1668,1942
478,4024,-4934,-4201,1448,-584,-1627
479,-903,-4062,-2998,-586,821,-1312
480,2406,6404,-3030,929,-847,-648
481,-2027,-452,6494,-642,-1489,1176
482,5887,565,1449,1828,1494,-1575
483,1605,-3077,-3799,-1612,-1141,1746
484,-5974,-1996,-2071,1809,-801,-26
485,-2749,1225,6799,-118,1693,-1965
486,4925,-7789,6987,1182,620,-1098
487,-6428,-7932,3712,-1623,-757,592
488,-4967,-2248,-5373,-1478,363,422
489,7638,4473,6599,313,655,-119
490,7521,-3409,-6146,-791,-248,-1515
491,-5433,-4424,-4121,-250,45,1133
492,4522,4246,7270,457,501,-1710
493,-6440,5705,-4944,1133,-1358,-811
494,4454,6096,1871,-1357,-934,-434
495,-2355,-5806,-4250,-773,467,214
496,2741,-1619,3433,-1183,1117,899
497,197,7074,1368,1216,530,-1838
498,-7792,-7482,478,-1608,1700,176
499,-217,1377,1583,-1322,-1056,-43
500,-2017,4790,-4947,-1089,-331,-754
501,6800,-2040,1706,1314,1506,1637
502,6631,-2976,-5037,313,-14,1856
503,701,2141,-7074,-1368,1030,943
504,-6553,-3150,1419,-1044,-786,1487
505,328,1938,5702,1980,1712,556
506,386,-5032,2366,-1304,-594,-1572
507,2579,7329,-5493,-430,-1056,405
508,-2778,1753,-7448,1958,113,1554
509,5457,-7479,5340,1529,1804,36
510,884,2481,6260,903,-926,1570
511,-6918,7514,2121,-627,787,-595
512,147,-6072,-5160,227,882,-1408
513,-5943,5499,-7811,192,1914,1227
514,-5133,-987,6101,-619,-1765,-81
515,516,6732,-2977,1520,-105,-582
516,-6507,7435,-6556,-1405,991,-1704
517,-6404,5691,3743,1078,1437,1994
518,-6145,-5238,-5874,1374,1434,-1648
519,-2816,-3455,-5298,-315,974,-1929
520,-5878,-4687,3315,-366,-1116,43
521,1932,1658,6589,-1410,-140,-1712
522,3106,-7447,5457,-1456,-1844,1735
523,1668,5701,-5516,367,-659,289
524,3130,-5358,6538,1515,-1006,-1173
525,-4182,773,319,364,-594,1928
526,-3166,-7267,397,1000,1718,-497
527,5314,-6786,480,-1360,-1238,-731
528,-4190,-2950,3963,861,-1477,1909
529,2312,5459,-2512,447,-293,-750
530,-4184,4013,7702,-1677,1833,1868
531,7725,1347,2216,-778,523,1405
532,1683,3282,686,263,-388,1034
533,7271,5479,4957,-883,1042,-1705
534,439,5591,-2343,1021,306,396
535,7602,-1594,-292,-957,-1540,-394
536,-59,-6778,-4326,-1302,574,1070
537,-5294,-3906,-2590,470,-1671,1315
538,2952,-939,-6395,266,-847,-1431
539,3200,5104,-2994,1639,679,-383
540,7788,6072,4768,-1847,1698,-1042
541,7047,3323,-5947,1724,1642,1653
542,-6635,6257,4033,51,146,-1997
543,-1884,-1724,-5017,-1239,1972,-1660
544,-7455,2958,-3494,-117,-49,-709
545,6927,-6185,7462,909,-708,114
546,4585,-1813,5463,1882,882,775
547,-123,-1305,-3147,1723,1019,0
548,1770,-7655,2447,1862,-1837,-1049
549,3455,-3829,3877,54,1259,369
550,-122,-714,-7174,1466,1964,-215
551,-6164,-2971,-6938,-1584,1751,-1260
552,585,5799,-1448,-1088,-1732,874
553,-6538,-6107,5103,1869,1800,-1876
554,-905,-5336,252,-1628,720,-866
555,1717,-4340,-4767,-434,-498,-760
556,-5119,-7792,-711,934,1973,-360
557,-2233,784,187,-609,-914,1592
558,601,-119,6951,-24,-407,-1734
559,-4014,4221,-6097,-327,234,1217
560,-7288,2102,-3412,280,187,-493
561,5213,-6336,1927,-1144,-1531,1205
562,-4749,3251,-6260,-411,1875,-1531
563,-204,7873,-5396,1997,-576,988
564,-7335,3032,6369,660,630,-1588
565,-3117,4543,2408,353,-1879,-35
566,-2644,-7262,-1168,1006,1285,-1561
567,-815,-4470,5344,1379,-1013,544
568,6675,2414,-7887,-912,-300,1512
569,-688,531,-2879,1876,614,-547
570,-7439,7076,1983,-717,-1241,-1312
571,4561,-2317,-1005,862,-730,107
572,7195,5156,-3691,520,-53,-309
573,142,-4548,945,-1906,-1542,607
574,-3872,-1263,-5603,-841,1383,309
575,2334,6610,-5791,-846,1073,-1942
576,-7438,6208,6796,-1336,1468,1764
577,3127,-6726,-7411,1649,-1548,596
578,-6463,-1732,-1288,-79,-1086,933
579,-6054,905,6130,264,1625,-831
580,2607,4206,-4028,-1238,1601,-569
581,1254,-7324,4526,-1509,1432,-1465
582,-3151,3316,328,-1865,-1055,-471
583,-3712,-5540,-5225,1299,-1541,1460
584,6224,3534,-4987,-8,-273,-993
585,135,-1927,-5254,412,103,793
586,4990,3932,-5935,-1051,765,-1948
587,-1742,-4818,5353,753,-797,-558
588,-4643,-2237,-2282,-421,-752,1800
589,7009,3636,4831,1529,-78,-571
590,-7799,5225,1171,-1723,1589,-1418
591,-6033,-7735,-6724,663,-1204,-15
592,-2823,-6318,-1365,963,-1947,335
593,-387,-7342,-5591,-1366,-51,1664
594,466,1979,-5312,261,593,1791
595,-2243,-6926,686,1594,260,679
596,1002,-3692,-3818,-1875,-543,-1710
597,-5439,-1331,-4107,-666,1629,1866
598,3435,2498,-4884,191,-301,-817
599,-7676,3844,7149,562,-1360,1541
600,-2368,-7538,-6718,-739,1386,-365
601,-3354,-3527,-605,-1963,-1603,-451
602,-5275,-4786,-4162,-1658,1734,1905
603,3476,3916,6410,1018,-1795,-416
604,652,6004,1838,1217,543,-1815
605,944,1682,-3070,-542,524,1979
606,-5986,-524,353,860,1784,1866
607,-5839,-2733,5977,-464,816,-903
608,7897,4005,384,1885,-1693,560
609,-4873,3293,7717,1006,-879,710
610,1516,-261,767,830,942,1883
611,7681,-1420,-4921,-1742,-471,-296
612,-4899,-4256,7135,-1509,945,-403
613,-6144,3943,5141,789,1550,-417
614,249,4025,-2440,-24,-36,143
615,4935,-66,4003,-280,1678,-790
616,-6379,6150,-3178,726,-1985,77
617,4650,-4714,-305,1860,-816,-1137
618,1014,-7301,-719,1164,935,-961
619,-2996,-2401,6592,831,-989,-674
620,-464,7542,-4777,-1225,-1147,475
621,-2069,-4861,-4669,1754,-1210,689
622,-6565,6651,6938,-1519,-1805,1873
623,4425,-3370,3566,1067,1588,1142
624,2323,957,1024,1314,1177,82
625,2091,4324,-827,1260,-1817,-956
626,1241,-4741,-1582,1877,427,1420
627,-7212,-7406,1834,1668,467,916
628,-4143,-4426,-7739,-333,-257,1626
629,-533,-5657,-6369,-445,351,1891
630,-2993,-7309,-7928,1653,428,-1165
631,-2554,3418,-5996,1964,-603,-348
632,216,-3755,-6747,-170,831,52
633,2260,-3177,5563,1311,-1144,514
634,3658,1793,6914,1729,1906,-1717
635,3568,-7279,1403,1494,1453,-1279
636,-7239,-5580,2817,-576,1248,-1543
637,1813,5868,7574,536,-521,4
638,6247,900,-1829,1901,1356,-390
639,5383,-3916,-6898,-1874,645,196
640,-2479,-4444,3271,-1376,-1783,941
641,-5972,7434,6249,1021,1879,359
642,-7123,3586,-2063,750,-1289,-1944
643,-861,3756,-1653,-514,507,-1053
644,-1371,-4149,4350,-1183,1292,-1997
645,644,-1553,-6847,1361,-652,1121
646,5167,5334,-2672,1971,230,-1394
647,-192,1615,-2052,-1442,1123,752
648,6601,-7521,-3660,-1705,346,-1211
649,-7938,1914,6514,-987,1765,-1117
650,-3070,-6087,6219,-1462,143,373
651,-239,487,-3373,1882,1901,474
652,800,3911,-4090,-847,613,-1340
653,4307,1304,-4580,1202,1569,-862
654,351,-6743,3615,1501,-1940,-1539
655,4758,-1322,5484,-232,1591,742
656,4035,-3420,-7727,174,1104,-770
657,-5521,-130,1456,-1497,566,-1761
658,904,-4291,-2883,-259,-1720,1192
659,6477,5952,-1563,-1729,-1088,1079
660,-7822,6421,-5564,-1372,79,1927
661,-3941,-836,5034,1980,857,-192
662,7087,-7703,166,-1436,-351,-646
663,3625,-2626,-2248,-1824,-667,1829
664,1091,-1726,481,1602,-707,628
665,-6869,-1771,1008,571,1552,-1308
666,7818,7500,4217,-41,-935,-1575
667,1384,-3827,7304,1802,1570,-1221
668,133,5095,4507,-1189,0,543
669,-6781,5599,-5497,1564,257,-1478
670,-3115,7927,-4464,-1644,-1535,-1420
671,7024,5561,-864,375,1333,-1961
672,-7035,1152,-7895,-709,780,1730
673,1178,2010,-5864,748,1692,-1471
674,1110,-2728,-7085,693,-1639,986
675,7379,6458,-7552,1722,885,957
676,-2261,-4528,5188,-1890,1401,1778
677,-4003,-2611,-153,-1190,1995,360
678,2619,6579,4572,9,1644,495
679,-6627,-6017,-6649,338,-884,1321
680,1692,-7530,2257,-261,1686,-1122
681,-4325,7366,-3905,995,1131,1157
682,2400,-6065,2397,-953,-508,-1815
683,-7159,-7968,-3193,478,1705,1285
684,2776,2411,-4416,1743,-1740,-249
685,-5687,-5933,635,1405,-315,-414
686,849,7748,4059,-804,34,1973
687,-1202,-5131,-159,-381,-808,-784
688,-6784,5168,-3172,-620,92,369
689,-3624,-5352,4388,845,50,-1607
690,-2669,-5479,-3171,-1459,-1972,1633
691,-6774,-4804,-1042,1702,1428,36
692,2242,-1937,-4209,1880,-44,-1926
693,6122,-5488,458,435,722,591
694,7831,4883,2829,-1842,651,-1055
695,-7537,5676,6220,459,-1398,-1643
696,-3320,5153,6372,1227,-299,873
697,-872,-6311,4767,1401,-827,-1157
698,-1969,3806,4289,1653,-775,165
699,4376,-2693,874,678,270,621
700,-268,-3901,6711,-1805,-1789,1104
701,-4061,-281,6767,-1461,568,802
702,-5679,-116,1533,1594,-1877,1804
703,6941,-7610,-6959,-1094,1235,1972
704,-4532,4121,-4502,-1650,-957,1363
705,7978,-7179,-137,-930,1832,1996
706,-3572,-1415,-4632,-82,-914,1739
707,-2994,4842,1296,-1441,723,68
708,-1977,-3560,4115,1970,356,997
709,-4894,-2422,-4280,441,-882,642
710,6624,-1642,5936,-1936,319,-13
711,4480,-471,4053,-1548,440,1408
712,762,5205,-7575,424,-47,-645
713,4431,-1289,292,426,-1494,1408
714,7220,-971,-1931,1826,-927,1722
715,-649,3068,-7941,-1312,-1983,-1460
716,6216,-7698,-1805,-287,-825,187
717,5626,6301,5774,-1851,1885,-289
718,6225,-440,2716,1470,-727,1014
719,-4373,1179,2358,-76,585,1178
720,-1775,-3511,7163,1714,1127,-1376
721,7867,-5795,-4098,-125,-1243,935
722,-353,2236,3438,-516,-8,911
723,1205,2223,5146,-1218,1713,-1009
724,-3187,-2396,4100,-1210,-146,216
725,4094,-4223,6877,-1465,-1621,432
726,-4721,3800,-4692,-1528,-1595,1785
727,-20,-209,533,-1600,-375,1259
728,7048,-3638,3530,1505,-573,-1133
729,-5476,6154,6233,176,374,-905
730,1346,3401,4198,-1634,508,-73
731,-6535,-3505,5813,-1357,167,676
732,-1806,2296,-2296,-41,-483,-1934
733,-5833,5291,1440,1198,-938,-1181
734,3656,-6709,-6829,1288,1969,154
735,353,2457,-7996,1893,-129,854
736,-279,6063,-6261,-824,-1925,1977
737,-4433,-4524,269,-1333,-72,777
738,-4350,-3184,3954,1662,206,1860
739,-6210,4109,-3952,816,-533,-877
740,-2745,-1009,-7852,55,-1194,-1846
741,3994,-1370,4848,1108,-972,-1774
742,-6918,3546,7974,-1319,279,-1652
743,704,2389,-4500,-920,952,-1720
744,-7220,1909,6468,1958,-1775,1383
745,223,3628,-3100,1035,1546,987
746,-2240,-6682,-2131,1843,-1107,-408
747,1943,-2436,4550,-1459,-1974,-1874
748,-3610,5744,-1631,1314,33,486
749,-2990,7336,1249,-637,1,10
750,-4948,-5094,3336,340,1515,-1243
751,-85,4908,6359,562,-1652,-573
752,-954,2006,4579,766,1909,-1186
753,-6410,3044,-895,-1273,1611,-822
754,2432,1443,2249,-21,39,604
755,-5754,98,2890,-874,-211,-373
756,4274,253,1315,1468,-1119,518
757,7246,-4029,-1872,54,1312,-969
758,-426,2652,-6823,1301,-271,1482
759,4937,-2533,4583,-670,1691,-1530
760,1476,1509,-7785,22,-1366,-1605
761,719,-6386,-2651,-549,-1480,1062
762,6094,66,3235,1550,982,1683
763,670,-2452,-3437,790,-210,1407
764,4493,3304,7023,1025,-1677,-129
765,4196,2999,-20,827,928,1608
766,-5262,-1337,-3012,-1945,1135,1087
767,4723,2316,6203,-436,1387,1166
768,-1459,-4193,-507,-15,-964,-1717
769,-96,-3072,4967,-443,1688,-1497
770,-6721,188,4721,-752,1930,1117
771,7543,5558,3833,569,550,-1595
772,-6610,1705,-6480,197,1850,1760
773,-5894,732,-389,-1903,-1076,1774
774,187,-4041,-4896,-1463,1199,-1944
775,-1753,-2444,2177,480,1880,1306
776,-4041,-1412,-4426,1283,424,-1799
777,-4409,2916,-6823,220,1050,-1349
778,1831,7198,369,-1335,-963,1133
779,4323,-3529,1976,-1073,831,855
780,3434,-5528,-4962,-1447,600,-798
781,7612,-2004,-4071,-228,562,-1768
782,276,3914,3933,-1743,-1272,1388
783,717,-2359,6766,1448,783,1792
784,-194,7931,-2462,253,226,1107
785,2731,117,-5610,-662,-75,1773
786,-7428,-3876,4389,1376,1428,700
787,1788,3330,7717,-1144,-106,365
788,358,-2584,5198,-1144,1329,-1682
789,-5922,3043,6844,-357,-1625,13
790,7587,-5959,-7279,1703,-1292,-1902
791,1856,-7599,6376,549,-1356,-85
792,-3819,5032,-6532,929,-587,1810
793,-2272,-2484,2493,956,1792,-303
794,7648,5853,-3806,-1544,1004,635
795,1908,-6933,4489,-1237,-505,-823
796,3897,3949,-5437,-1866,507,1888
797,-2195,-5569,-7583,-873,-1405,1249
798,7952,349,-6504,1663,1110,159
799,-5588,4180,-6309,1439,1556,-249
800,1876,-3293,3340,514,-1592,632
801,1243,5200,-1832,335,-533,737
802,-1194,5581,-410,87,500,-1576
803,3765,3837,-5328,-1457,-475,-522
804,2290,4893,7763,1517,1373,-1209
805,5030,-6949,-2481,1328,772,1600
806,-5520,-899,7238,-1296,71,-1979
807,49,5286,-5446,258,678,1624
808,7388,-5602,5211,1518,-1140,464
809,5881,4412,5167,1241,1032,-1667
810,-979,3613,4792,-531,-1357,-1947
811,-6708,984,-6247,1160,1535,293
812,-5229,-928,7378,-806,658,-454
813,5858,-1494,5437,-1981,-611,-1246
814,-7960,466,4909,771,209,762
815,-940,-1012,935,-1758,1969,-1024
816,-4570,-7721,1892,652,-159,-1308
817,7173,4168,6152,1556,-1179,-1367
818,-759,-5688,7065,971,-1355,722
819,804,-1310,-1189,-1163,1776,-857
820,2164,-3272,-4724,1779,-1503,312
821,-6783,-3834,5989,1327,753,-1650
822,1513,-5435,-2506,928,-263,869
823,6719,-2307,7118,-1585,1768,904
824,2294,1556,1555,220,250,-523
825,-2412,6889,-1199,1018,808,1565
826,2211,7123,-580,487,492,434
827,-764,-2727,437,10,287,-1534
828,-4977,-4587,4236,-954,1308,370
829,3569,-2720,-5622,1621,1531,1279
830,170,-4239,7358,-966,363,-1499
831,-4407,-573,7657,1973,-279,674
832,1673,1299,-2224,390,854,775
833,-1433,-2005,-4169,1091,-1501,-261
834,7729,5125,-2929,-1106,-1960,-1048
835,4835,1854,4548,723,-480,993
836,4799,-469,-5331,1182,-1620,97
837,-2511,-6004,97,-1294,-1406,-1242
838,-7617,1239,-7100,-173,-636,-1414
839,7628,-1674,3567,-155,-1364,1548
840,1180,7420,-5668,-677,-1055,340
841,670,-5710,-2263,-699,1640,1373
842,6008,-6686,1868,1819,-388,581
843,-1790,7070,-1813,-620,-1774,-1242
844,6756,3261,-7562,35,-1337,1996
845,6508,7466,-532,-678,-391,325
846,2284,-5933,6307,1948,-688,-601
847,70,-4531,7536,1485,-1153,264
848,-6028,-3508,6893,-390,194,-1010
849,1909,3653,-3126,-1373,-1105,-1215
850,3598,-166,7835,1186,1885,-1297
851,6356,6327,-4760,-148,-1352,-1043
852,-2952,-7065,-3514,1631,248,143
853,283,679,-4034,-183,298,-1112
854,5392,5200,83,-76,-849,-1301
855,1478,4440,2337,1433,-502,850
856,-5957,7739,-4191,1796,-1929,1418
857,-5112,6154,-5819,-1887,-884,1673
858,-3003,7995,-1993,1182,275,1269
859,1328,7798,5131,-1436,680,1909
860,-4212,4198,3398,-465,1613,-1661
861,7858,-2467,6190,372,-885,-263
862,6610,1717,-6596,1856,-150,1666
863,5801,-5626,7176,-1243,-1274,-423
864,7776,-2778,828,992,-1319,-355
865,3503,3531,-5985,1651,-152,263
866,2501,6870,3495,1144,736,1068
867,-6701,6231,-4311,-1076,679,-703
868,-4810,-1706,-208,1664,1747,-172
869,860,-2738,6385,596,-793,-1776
870,4966,5384,-3054,1603,-1521,852
871,27,-5480,-6939,339,1302,391
872,2002,-3226,-7125,-510,-81,-903
873,2774,4067,-3619,1959,749,1233
874,-7988,-3729,5123,-1492,915,-1052
875,3883,-2790,7080,713,-889,-298
876,6885,-2445,-5160,1761,-291,421
877,1857,-3844,1701,-496,-376,1217
878,5646,3034,2240,-1781,-1086,204
879,-7446,2399,-73,1049,1300,-1548
880,6317,-1740,-3365,-1431,-630,1321
881,-783,-5180,2607,-1207,603,516
882,6306,3799,5696,260,-1987,1233
883,4460,-5928,-1972,-1407,-1986,561
884,-3290,7635,1286,1741,475,1442
885,-4646,-1829,-3641,-1123,-1192,-1152
886,7739,4195,5592,387,1674,99
887,7592,6117,2808,-1300,-1844,1415
888,-5673,-1285,5847,1980,-46,-446
889,2160,4757,-1293,804,329,948
890,-716,-5935,7818,631,-1685,959
891,7414,-1418,27,1187,-610,-289
892,5970,1945,-6626,1081,-1162,401
893,589,-2460,5778,-1789,931,-950
894,2787,-2591,2453,1112,1281,-1109
895,-4596,-922,-4735,-1179,-1866,-292
896,-7041,4014,1972,-1692,220,-1324
897,-3002,-1035,-3408,517,210,994
898,7131,-1753,3500,-1537,-783,-1869
899,4741,2668,2302,-1520,-2,752
900,5420,4776,6801,-965,1601,1221
901,-1449,4538,1484,-622,975,-346
902,1915,4271,-3093,-734,1911,499
903,-7120,3503,7063,-250,-1494,-1438
904,-6506,-5607,-1082,-1185,-630,-484
905,-1288,-1331,3191,1325,-975,1899
906,720,5896,-3582,-51,-993,660
907,1068,-2446,-2428,-745,1748,-415
908,-1438,-429,1814,1672,-1907,-1881
909,6345,6391,4226,-1950,791,-70
910,4006,3486,5148,385,375,1196
911,3469,-7343,-982,-1512,1564,1691
912,-988,1452,5419,1263,728,1510
913,-1735,4682,-1612,143,-347,1421
914,2639,-5100,-4742,1591,64,-1914
915,7577,-7420,-6701,308,-1235,1381
916,3845,-4349,6203,983,271,-290
917,-768,-6515,6058,1086,1822,1100
918,-251,-1536,3676,1952,-1085,867
919,-2101,949,4157,1445,-163,1291
920,-6121,-5953,-1776,1865,-773,501
921,-2538,3056,-7704,1628,705,-236
922,7519,2353,-1767,-1915,-88,-436
923,7343,-1472,-1460,684,-1729,1325
924,-6551,-3616,1334,1017,-1105,-1714
925,-4608,-4282,2485,-67,-98,-1520
926,7104,-1800,2566,-725,-1547,574
927,217,-7672,4601,-1967,1554,436
928,-5259,4702,-2857,506,-1182,132
929,3750,6721,-1457,-1837,-51,310
930,4940,910,4631,-202,400,312
931,5858,-2398,4427,-1991,99,-87
932,-4757,-4878,-122,1646,1477,412
933,2178,-5794,-3059,-411,-1040,894
934,6446,1412,2386,1985,-145,-368
935,-171,5897,-6292,395,1330,1438
936,-6146,-384,118,1489,1580,1859
937,-1072,-2676,-4874,-1878,-82,-1767
938,-4276,-3598,2046,-1563,597,-90
939,225,7968,-472,-1211,819,740
940,6700,4157,4067,-580,-287,-1916
941,-5082,-1221,-901,-1159,30,-1768
942,-6350,5055,421,-1587,1974,-276
943,-4805,3630,-520,92,-1681,264
944,5687,-5302,4784,-1833,163,815
945,-495,5073,-4169,1589,-135,1988
946,-3762,-3270,4827,1834,-1103,-536
947,-2799,-5349,-2095,113,-797,-228
948,5811,-5153,6390,-1642,-1474,1845
949,4635,1729,6017,1467,-1641,-1609
950,-6846,-4125,-4257,13,1399,-1293
951,5990,-862,4072,-1007,1517,-756
952,233,-6462,-4206,-941,616,-1721
953,-3879,-6337,5286,-1048,-1671,-3
954,3445,5401,3064,-687,-562,1266
955,-3121,5936,-2915,-1572,-108,-485
956,4220,3999,6497,975,-1949,1630
957,-1561,-2495,-361,-629,-1185,-1811
958,-4074,1544,-3137,511,925,-421
959,-1708,-1109,7224,1349,293,1123
960,5503,4,832,-1473,999,-1221
961,3312,3030,3943,785,-7,1592
962,-1982,-5485,5282,1813,-1925,-1245
963,-2434,-6683,2624,-976,-313,-826
964,6130,5896,-6005,280,303,-1758
965,5547,1155,-4134,1539,-835,-1881
966,6663,-5353,2129,-606,-625,1495
967,-7999,4191,4351,-1024,-588,-540
968,4442,5236,-2163,-165,1692,-673
969,3299,5918,-2063,1175,1857,-668
970,-665,4916,-1543,1298,-10,-1112
971,2149,6450,-7813,-1095,-1016,-1078
972,7898,364,-3900,1577,-1230,-1377
973,892,6767,-3037,239,1597,-1529
974,-3811,3846,-5024,126,826,-485
975,4742,186,1809,1849,-1834,161
976,-111,-7706,-6694,1375,1086,10
977,4357,7293,-7234,1839,-649,1851
978,-5560,4225,1237,-526,-1675,1245
979,6358,-6559,-2205,1001,-1194,-1880
980,2464,4344,4651,444,1806,920
981,-7225,-2351,2960,1090,-166,1312
982,-6337,-6972,7428,634,809,-1003
983,-3258,5269,3908,-18,-855,-803
984,1300,-1974,7373,-503,1531,293
985,-4622,-474,2022,617,-298,1599
986,-6874,4650,2602,-194,-147,-1593
987,3618,-42,4455,173,1803,-172
988,-4069,-5196,-2844,1862,-1077,-1612
989,5821,-3531,-7823,1701,-201,37
990,6168,-3865,5674,380,1065,-662
991,7530,-6419,-5530,-611,516,1504
992,-2747,5326,-3131,1762,64,-220
993,4394,1194,-5979,1540,-346,-538
994,-2570,3570,-5756,1792,912,1963
995,-170,2979,-6281,1508,725,-448
996,-5194,5253,7196,-1551,-336,-1086
997,-3123,2790,295,1921,1058,800
998,7463,2708,4919,1783,-1548,-756
999,1763,-7914,5209,1814,852,771
1000,-901,-3974,6953,-445,324,1960
1001,-6355,-1889,1487,-1229,-822,1427
1002,-407,1495,2308,1576,48,-1017
1003,-438,4487,-3880,1997,-1571,112
1004,-6394,-7890,-6704,747,1643,1006
1005,-7889,6146,2284,-23,1603,-1962
1006,5238,-6232,426,1988,-1964,1033
1007,320,186,6118,-1241,-410,-1854
1008,5609,-6061,-3340,920,-1425,1525
1009,-4696,-1947,-6992,-57,-1197,143
1010,-7271,501,-5643,-1299,-1329,413
1011,-3980,-2370,557,-1382,-1707,-550
1012,-2350,197,6383,-1193,1642,-1828
1013,-6671,2225,5002,-65,889,-167
1014,-768,7954,-7592,233,-1504,158
1015,-1784,-1345,300,-1617,221,1596
1016,1532,3310,-4196,-646,-450,870
1017,2607,-1142,2386,-500,450,-699
1018,4195,-5211,3039,-1083,959,-1859
1019,1555,2740,-4580,1038,-1896,181
1020,-1541,-3025,4923,-1258,1299,-359
1021,-869,-2192,-3205,464,-480,1827
1022,-6075,4085,1190,-1944,1368,-1735
1023,7141,-6267,-2227,-70,374,59
1024,2335,-4347,2485,1734,986,-254
1025,5763,-3133,1597,683,24,-1009
1026,-5771,5333,1077,1759,-825,597
1027,-1258,781,5935,-657,1293,1298
1028,6365,-2293,7673,-1267,87,170
1029,4309,-6913,-3852,881,1445,-739
1030,-2936,-1280,-676,1887,575,1159
1031,7193,6655,7352,1325,1303,-1260
1032,-5269,7559,2931,628,-996,-956
1033,990,-7797,2449,1571,-1908,-1946
1034,4605,-5595,-4094,726,316,-1299
1035,-6946,918,-2601,1946,96,-446
1036,1553,-6234,-7182,-1530,1832,-1991
1037,6430,3307,7138,412,-1689,217
1038,2488,-5119,-11,940,1223,976
1039,5439,-3670,-1368,-546,134,62
1040,1861,6947,3172,-728,-677,-793
1041,-1454,-6960,-4325,-1187,1489,1293
1042,-1141,-6861,-4310,1343,-544,-567
1043,-959,-2818,-5602,427,-1117,1060
1044,5285,6625,-4035,211,-231,-745
1045,4244,-4566,3149,1370,384,968
1046,7940,-2121,2572,-437,104,-327
1047,-5155,3681,6859,661,-1034,-245
1048,4069,-176,7301,-1445,-798,1034
1049,1973,3023,3405,670,683,-393
1050,-1506,-5203,-7369,-1578,-722,1767
1051,-7836,1152,-2681,-1875,-1001,873
1052,2231,-4841,7119,-156,150,579
1053,1978,-1822,6824,765,-929,1267
1054,6180,-4770,-311,1868,1572,730
1055,4662,2439,2966,1533,401,1054
1056,1232,5332,-869,-989,284,1681
1057,5903,6904,-5081,1304,648,-855
1058,-7207,7069,7465,-764,215,-1420
1059,7120,7898,5781,-43,1990,1268
1060,-6523,-2688,-2716,1021,-1832,1832
1061,-3365,5053,-5873,1892,-1239,-121
1062,6973,1402,-4771,556,-522,55
1063,-5003,-490,2630,922,-193,791
1064,2739,2237,7262,413,898,-449
1065,1310,1277,1161,-848,-1523,-1126
1066,-1429,-3092,-1057,1921,515,865
1067,-7446,-2650,3205,-273,-566,1241
1068,1117,2832,6439,1740,1300,280
1069,-278,7784,6513,200,1580,1605
1070,7045,-5159,-6134,-1081,-1011,909
1071,-227,-7804,1930,-1544,1163,-1023
1072,-1483,6756,-4247,1481,-1189,-1292
1073,7397,-7692,7922,1158,266,1800
1074,3996,-4822,770,183,-541,596
1075,-4704,4112,-4563,1485,1114,-649
1076,3846,846,-337,1173,1447,1280
1077,-8,-5855,-2011,-709,279,-1977
1078,-4605,-42,4155,1887,-80,-1591
1079,-6840,-5885,-4642,21,-1604,22
1080,-7764,1761,-3463,-317,1635,1725
1081,4671,-4839,-3669,1365,1149,-809
1082,-4342,-6648,6913,1180,688,-111
1083,-2445,230,-7287,-882,1386,-502
1084,4237,-854,-832,-1988,-127,-739
1085,4017,7270,-7063,-306,644,38
1086,1538,-7724,6688,1292,-1193,-121
1087,1198,5282,-1524,263,-1321,-410
1088,7238,-1665,-6532,612,262,552
1089,-7287,2351,-5280,-204,1629,-198
1090,-7791,-5865,-3818,-1241,1459,-1786
1091,3525,7298,-7941,-412,-1266,1183
1092,-2944,-3375,-4637,1004,-442,462
1093,2538,-4923,6609,840,938,826
1094,7472,7545,-2977,1279,-1148,-1889
1095,-1796,4037,7008,289,-179,-45
1096,-3432,2092,-2327,816,-547,-1072
1097,-2482,4211,7327,1291,-555,-536
1098,5472,-5831,-1189,-955,1176,1000
1099,-5390,-7532,5418,22,-1321,-1630
1100,-3820,-389,832,-70,-116,-1193
1101,7857,-577,6943,765,-801,503
1102,-919,6304,842,-1118,1236,-1147
1103,4212,-4226,-2434,688,-10,-529
1104,2840,-1563,-6179,-666,-1534,-1371
1105,-1785,-5323,3404,559,1642,196
1106,6328,-5413,-6809,265,-1582,-196
1107,444,-4792,-872,442,1036,-28
1108,6459,1458,2372,191,-832,1232
1109,3062,-5427,-7158,391,-1025,-1276
1110,6699,-1011,2851,182,303,-348
1111,96,-1859,7281,-1835,-1383,-1295
1112,-3827,-2912,3987,-1520,1315,-1679
1113,-4511,-244,503,-1140,-563,-317
1114,3417,-4002,5753,759,1319,425
1115,4987,4291,864,-1873,922,-1980
1116,5665,7065,-7393,1436,305,-829
1117,5686,-1025,-3988,-1295,-1143,464
1118,6200,-1834,5486,-1104,-174,-1218
1119,-4925,-6943,2395,1663,1275,908
1120,-2592,-6485,-4455,681,814,1849
1121,-3052,5276,6953,1789,-491,431
1122,2969,-1851,4525,-1143,-1047,-1606
1123,7069,-6910,6430,-621,-1589,-882
1124,-2283,-1616,5886,1380,-14,-564
1125,-5833,-3018,-6303,-857,543,-1980
1126,-2330,3344,7374,999,-519,-421
1127,-3995,6174,-7341,-1765,1249,-329
1128,-1190,-6000,4700,-159,-1730,-838
1129,4675,6,2064,-534,-1361,-1276
1130,-5722,-612,6722,-1289,-837,1927
1131,-1547,-1008,-4218,1747,973,-1737
1132,5605,6669,-1507,-1385,1150,-1358
1133,-5425,-6017,6608,311,-1961,107
1134,-7272,-78,236,-725,-1409,319
1135,1956,4808,7161,-1084,1082,1507
1136,-6567,-4881,-3209,1857,-226,-638
1137,-1307,-5014,-92,280,-754,-660
1138,638,7703,6116,-463,98,1390
1139,4812,-5603,-2902,214,-1279,509
1140,3229,2076,5022,368,1805,1828
1141,-7756,4739,-4383,-449,853,831
1142,4197,5426,-4372,1393,-1602,1847
1143,-5235,6769,5028,-1843,1268,-1192
1144,-1696,7896,-2470,96,433,389
1145,-573,-6134,-5072,-1148,1389,1494
1146,-5247,2549,5772,1982,322,25
1147,5454,2794,-673,1866,-649,-238
1148,-7750,-305,-2512,-888,1908,674
1149,-803,2454,5722,-542,-204,-1429
1150,-7834,-2709,5999,93,-822,1187
1151,-1076,3563,3277,-1430,958,1022
1152,2341,3865,2860,34,-1914,908
1153,2553,-123,-5816,1031,95,132
1154,-6466,-4325,-3615,-1261,423,1259
1155,-5075,5660,-671,739,87,1143
1156,-706,-7212,-3584,-698,-1581,-1577
1157,2795,-2075,-6798,11,795,-1591
1158,-4165,5931,4508,-1405,-1975,345
1159,4316,4514,31,463,-421,-741
1160,-3079,-5611,650,-1908,1501,1605
1161,-4472,3635,4013,39,1802,1662
1162,-6805,7398,2863,-957,924,1053
1163,-2645,2014,5395,1859,-1993,-669
1164,1088,-5567,3190,314,1545,280
1165,5666,-4291,7557,-573,1208,1029
1166,-3792,4113,1726,-816,-1371,1644
1167,-4724,-3890,4014,1427,1368,-1808
1168,-2257,-884,-5624,142,-1933,-407
1169,-4749,6424,2332,184,902,-613
1170,4347,-1469,4962,-1260,-1561,995
1171,596,4072,1905,1200,-1544,1232
1172,5209,-4419,-4286,1503,-1859,-1449
1173,7785,1386,-3012,228,1872,-753
1174,-5742,7831,-7965,1247,-1572,-443
1175,-6709,-2421,-3868,711,19,1900
1176,-6822,-2972,4351,-361,-1696,-1728
1177,5349,-4105,7690,-189,-43,486
1178,1780,-6918,-4075,-60,349,1320
1179,1179,-6048,692,-720,-1896,-1602
1180,-1787,-5976,-470,-1868,362,1786
1181,-5159,-7236,-4580,-119,-1067,-1839
1182,6839,2276,6930,1593,-856,-1376
1183,835,-6460,-4078,1072,592,228
1184,2828,-5015,-85,-872,-585,-825
1185,-409,-6784,-951,-69,-1187,-1599
1186,5090,5821,7330,1973,-1098,835
1187,-331,-4075,-2541,-1632,-1499,1268
1188,-5907,-4677,1206,755,1437,868
1189,2393,5280,-6651,1371,1097,1792
1190,-7386,6096,-5119,-1211,-1394,831
1191,-1476,-6915,1970,1720,24,1886
1192,-2319,4372,915,-884,-357,936
1193,-7133,3604,-3299,1669,-11,195
1194,4346,6123,-7347,463,1651,-1783
1195,-7864,1430,1088,1470,1285,-640
1196,-3425,-2392,6035,-1758,1116,-502
1197,-7612,-4010,-6885,-169,-1585,618
1198,244,-3667,-5405,-1153,1683,-96
1199,-7343,-2053,-429,286,-867,1921
1200,-4130,-6206,6713,-1163,1119,1298
1201,3245,7091,-5319,-1508,-490,-715
1202,-6033,5140,6762,-1442,-912,-1914
1203,-7074,5418,-4854,-545,-1978,-1073
1204,7986,-5201,2389,1923,1309,-1688
1205,-4199,-699,3865,436,-797,59
1206,-7220,3782,2236,-1025,1901,-1563
1207,-3479,4807,945,-1922,-1157,153
1208,-3892,-6421,-6628,476,1871,1972
1209,5470,1654,1326,-331,63,837
1210,-7830,2744,-1507,-1521,-991,-835
1211,-5973,-1633,2084,431,-518,1537
1212,1365,-4039,-521,-1858,-31,508
1213,-7619,3692,-3948,1247,-793,-1246
1214,6427,3868,-1473,-1335,1101,1221
1215,-5242,-631,117,476,1392,-1189
1216,-329,-3624,6790,388,418,1607
1217,-3531,-464,2748,-261,-444,1143
1218,1970,-7485,-2656,1542,827,1144
1219,-2530,-269,-1495,93,-994,348
1220,-5691,-5398,4400,453,-571,45
1221,-6074,876,4518,1277,-1005,-1708
1222,115,7774,-1604,1547,-444,361
1223,7511,453,-5716,-1053,211,677
1224,2040,-1836,5534,291,-701,-193
1225,-2099,1317,-7398,1931,-1276,-166
1226,-2430,1217,-108,1044,1351,1641
1227,-4549,-926,4026,-491,-686,-1672
1228,6716,-1112,-754,763,-906,-1129
1229,3405,3247,-2164,1371,-684,900
1230,7573,542,-2792,-1147,-1142,-938
1231,3097,2034,-4513,-1464,-790,504
1232,-3207,-6188,-6448,1587,-647,-527
1233,-6827,4193,3621,1671,1460,-405
1234,-2550,6611,480,802,1192,298
1235,-7230,3396,1749,-156,-1927,714
1236,-577,-3025,5601,-1812,410,408
1237,-5162,-3924,-2013,1226,-774,1985
1238,2342,7492,-4013,1442,825,-281
1239,3016,-4888,-1318,799,-528,-366
1240,740,163,-902,-1639,1892,1948
1241,5403,-3926,7672,-1812,-1144,-1376
1242,3607,2782,2716,1855,-1918,-1607
1243,6819,-557,7759,-1300,-960,-665
1244,-4001,2572,2802,-1969,-710,-1686
1245,-4806,3014,-7966,-1815,1615,1539
1246,-6515,5048,-5481,787,-1173,519
1247,-2667,4788,805,-1352,779,956
1248,823,-1023,-7191,-717,-1148,1411
1249,-2400,5771,1396,1531,-838,-1722
1250,-4241,-6412,-4984,-697,88,144
1251,-5826,-6971,-125,1784,-1919,1511
1252,609,-7896,-3583,1236,-1150,1704
1253,2084,-4282,-3409,850,-1287,451
1254,3595,4941,981,68,-1777,71
1255,-339,1599,-6115,1230,137,-960
1256,-4669,2761,-2783,1270,-87,-1293
1257,-586,-258,1333,-1596,-1874,199
1258,-4910,-5635,-4980,968,-595,-650
1259,2286,-3902,-7389,275,-1443,-380
1260,1497,5696,5140,60,521,134
1261,-5480,5366,5422,962,-1878,-1503
1262,-5526,-7836,3438,-17,-608,175
1263,-6195,3410,4679,437,490,-1168
1264,-6244,2054,-5777,-1129,-1777,-1934
1265,1331,6069,1263,-335,-376,281
1266,-723,-2024,2507,-260,-1510,-75
1267,-2205,4668,-7874,108,657,1807
1268,-212,2914,5907,1384,68,905
1269,-5245,-3759,3444,993,221,-1104
1270,7018,-7603,488,-219,1580,1486
1271,-3301,2304,-7358,-982,820,591
1272,-6162,-2160,-6455,1311,1616,444
1273,-7135,-4620,-965,896,-1457,-1472
1274,-1420,-3014,-3654,-1108,-1532,863
1275,4289,-5985,-6292,-954,-713,-472
1276,-7426,-1568,3883,-1763,517,-935
1277,-4002,2514,-3931,1017,-290,890
1278,-46,-1562,-851,1691,-950,834
1279,2001,6236,1906,-813,-1730,-877
1280,2503,-355,7290,455,976,1614
1281,-1013,6420,2635,1157,-1029,-8
1282,-5717,1035,6983,1407,-1042,1436
1283,3091,-6823,7464,987,1189,-1330
1284,-1010,2117,6399,-79,1963,-1070
1285,4308,3811,3719,-709,1433,-577
1286,-4564,5618,-3497,1392,-617,383
1287,-2378,408,-5817,616,-972,-924
1288,580,3156,-6758,-1458,967,822
1289,-5817,7580,-4207,37,-1365,-1721
1290,7961,-7047,-2932,405,1061,808
1291,4613,-7863,-5801,-965,-246,-785
1292,5371,-2880,-5081,-1206,-1035,-1878
1293,2041,-161,7158,-753,1215,1392
1294,-5327,-6485,-4082,-150,351,-816
1295,6106,-1031,835,1708,-1512,-677
1296,5426,-5035,-5808,933,-1366,1819
1297,-1194,-524,-7478,-824,-1937,1767
1298,7209,3087,3472,-944,553,-458
1299,5869,-2692,-390,1609,-85,1455
1300,2810,3217,-261,638,650,-258
1301,6673,1468,5070,-1265,-497,13
1302,-2210,-2917,2276,-1353,-166,147
1303,-6230,-4948,-6758,-722,617,-748
1304,2833,-4415,100,1310,297,-893
1305,-2101,4790,7421,-402,-360,-885
1306,6519,4351,4236,1221,-491,-179
1307,2847,-5675,-4341,983,1615,-178
1308,-1548,-6934,1316,-1239,-90,336
1309,6873,-3262,-7499,1297,1422,-1677
1310,-4938,-353,-3123,-1561,-696,1911
1311,-3007,-398,-2038,251,-686,-1338
1312,-7664,-6846,-6888,598,-1422,-1295
1313,-2238,-608,351,1692,1779,483
1314,5383,116,-6968,29,-1417,-1283
1315,7,-4861,5128,-1897,440,-697
1316,-3440,341,-2301,-1365,1849,-1113
1317,1254,-145,-673,-1771,747,-594
1318,-7503,184,-4200,-324,1447,-1648
1319,-1128,-5461,4060,-302,554,975
1320,4842,4487,-559,438,-861,-893
1321,-5538,6423,4136,-1852,-1417,-1480
1322,-3930,6159,3064,1471,-1348,-332
1323,5022,860,3370,-83,1001,466
1324,-7892,-4846,5978,1236,-1075,1580
1325,6280,-6937,1076,112,1611,1224
1326,-7211,-2807,6135,-414,1319,1542
1327,2927,-6979,-1652,1621,1824,1537
1328,-1741,-5952,3722,1907,1355,-52
1329,4052,7121,1104,1263,-1001,1514
1330,4481,-7372,-4689,1609,634,-338
1331,4633,-6382,2373,-451,1270,-902
1332,2109,-3988,1097,-142,-1604,-98
1333,-4418,6413,228,-631,-339,496
1334,-130,-7778,151,-1416,-105,-1434
1335,6157,-7724,164,-1041,-1745,-214
1336,5266,-2025,-6125,590,-1166,1258
1337,2699,-6380,-3909,-1959,293,-766
1338,5466,-3456,-1321,-815,1872,1248
1339,2928,1600,-1195,-173,1888,-1454
1340,-2141,-2283,-7663,513,1357,358
1341,3000,4782,3178,-1730,1350,-1477
1342,-4403,-5787,316,698,-330,13
1343,5197,-636,5312,-830,-30,-1645
1344,-2839,3365,32,-151,-1490,-1551
1345,2487,-3693,-428,149,-1663,-1144
1346,-1418,-1653,4406,120,1262,1602
1347,3249,-293,4286,-57,668,-1335
1348,-1441,-3597,-7897,-243,-1437,1766
1349,-4647,-2098,4601,542,801,-918
1350,5576,4326,6897,1832,720,426
1351,6383,7231,7614,258,-795,807
1352,4062,-1442,284,-1218,-855,-385
1353,-1905,-1942,-6008,1601,911,-785
1354,-7764,7515,2309,-1760,-83,-1041
1355,2707,6648,3499,-1888,684,-75
1356,5947,1650,530,-300,1780,1700
1357,5336,-1134,5716,-125,114,1697
1358,5286,7228,-1471,965,-1524,1890
1359,-3653,2097,-4582,1689,-1862,1254
1360,7138,-2303,-51,652,1546,-1249
1361,3083,305,2620,-864,-1728,288
1362,6823,-1515,1804,-295,747,1449
1363,6631,-1682,6436,622,1562,509
1364,2401,-696,-238,677,1580,175
1365,5210,1853,-1132,1634,142,-732
1366,2623,1474,-3722,-42,-1663,-948
1367,241,-6932,3315,-831,-1949,1314
1368,7059,2429,-2104,199,-845,338
1369,-7640,-4947,-1883,-725,576,-1856
1370,-5930,1010,6349,-1617,30,1042
1371,-3131,-6949,-6068,1573,-1654,-1027
1372,-4521,-1470,3481,94,-1345,-763
1373,2597,2901,6103,-1924,247,710
1374,1205,-3326,-2190,-1478,1531,1712
1375,-3585,-6,7748,985,-1417,-80
1376,-109,5078,-4184,-1348,-1212,1230
1377,-7488,-1632,912,1565,1721,-1676
1378,2172,7266,-3911,-593,1639,-1275
1379,-882,1660,-5686,-1263,1902,-437
1380,5223,-6784,-118,-612,-700,-1681
1381,3803,-7074,-4639,558,-600,1024
1382,-6722,988,-1916,1889,840,1110
1383,1160,3654,-2750,-1126,-1318,-295
1384,-183,133,792,-1061,-1903,-1255
1385,231,6702,-6253,670,1750,1182
1386,-2310,891,4085,43,-1923,1834
1387,4025,-6807,6751,-410,269,913
1388,509,3765,-3000,-1007,541,-100
1389,-7491,1963,2465,-237,1474,1111
1390,-1505,4460,-3626,-1027,-330,987
1391,-587,997,1383,548,686,1985
1392,-4719,-6190,1189,1808,-293,-537
1393,5342,-5274,-1231,-1462,1246,-1867
1394,4800,7828,-2393,1659,-1224,-1246
1395,6374,2854,-5977,-1425,-1195,1991
1396,-1179,6241,1934,-1229,1259,987
1397,-1664,-3109,-6231,266,-1275,328
1398,2129,-5972,-5282,1453,-43,1344
1399,342,-5580,-3285,-1175,-315,277
1400,-4655,-1618,-6050,-728,-1697,-24
1401,-6397,6628,2911,465,-1165,1695
1402,-4764,3115,3282,-1547,-1548,-996
1403,7623,-1899,-5365,629,1138,936
1404,4987,1800,-3689,-29,-976,-1783
1405,5549,7393,-2931,-681,955,1547
1406,1494,-3635,-5024,-1271,-431,-461
1407,1989,-2086,-2456,-1514,1351,-631
1408,-4483,7047,-3392,-703,-1271,-993
1409,-6691,2954,-3713,-1259,1823,-1054
1410,4716,-7559,-4806,-1976,1654,1841
1411,-4277,-5692,7768,-253,-1506,-219
1412,841,2656,5261,-1575,-746,-1341
1413,6536,-6096,5168,1725,-1719,-1198
1414,5812,7508,505,-1594,937,-207
1415,803,4638,-4245,-1838,1118,1753
1416,-241,6805,-400,1955,408,235
1417,-2391,-933,3906,1318,-49,-140
1418,-5307,-7218,4697,-789,-1343,-782
1419,-5346,-1903,-1660,-1173,1103,624
1420,4489,1923,5192,1470,685,1362
1421,-2040,3719,2433,1784,-1421,-853
1422,2466,2157,2621,-8,419,815
1423,1619,1828,-6995,610,1362,1701
1424,222,6568,4919,593,-152,785
1425,4214,5109,4982,-1293,-1703,0
1426,-6432,-5214,-3105,337,602,770
1427,6125,-4174,-6492,-836,-1765,-696
1428,2971,-3817,472,82,1197,-1652
1429,5597,2512,5531,1231,-1600,1552
1430,-2727,-6149,-173,1454,634,-685
1431,1356,-3207,4544,159,175,-1914
1432,-1561,-5774,-6564,-1998,1074,-1535
1433,-5935,3738,5060,993,1547,-142
1434,7551,740,-5963,-238,-204,-1422
1435,-3591,-7404,2181,-1437,-315,-1349
1436,-795,3314,-3752,770,260,-1282
1437,2936,-6113,1751,324,1400,130
1438,5150,-5531,-980,1133,-1751,-1907
1439,-5328,-1532,-6817,-243,407,-1212
1440,389,2244,-6219,1531,366,310
1441,-1932,-5020,-1197,-1737,-1108,-617
1442,-4564,-2302,-3298,561,-697,1852
1443,-5892,-6377,251,-232,-1356,587
1444,3484,4160,-7149,-1982,-1261,1991
1445,1834,2513,1229,1824,359,-1163
1446,-3098,-2014,7231,-1084,-813,911
1447,-4812,80,6318,-1773,-604,390
1448,-5102,-6059,3352,1523,1318,1782
1449,3213,-7284,863,-409,385,539
1450,-5026,-4298,7123,1313,1464,86
1451,4173,2471,-4652,180,-1960,-664
1452,-6019,-99,-5776,-935,-647,-1582
1453,4427,-7871,5176,-390,392,-1312
1454,3515,-6150,5582,1536,1254,641
1455,-3377,-3020,7593,1380,-373,1369
1456,5106,3449,7174,-331,-75,516
1457,-5498,-689,-3018,-1100,1289,1860
1458,-3124,643,-5712,1349,1094,-1155
1459,-3105,1840,634,-1413,1241,-1076
1460,-7315,-848,1835,1526,1860,1744
1461,-21,-7655,3022,1919,1734,-1694
1462,-1735,-2554,4926,-1773,-39,394
1463,-4424,3153,4410,1325,1245,-101
1464,3852,-3874,7732,1066,847,1692
1465,5214,-2065,-5470,1012,-552,-759
1466,-3742,4855,4471,427,1805,1449
1467,-4995,2670,-3643,1097,1527,-1842
1468,-1781,2499,2650,311,-1328,-379
1469,-1650,1224,-4607,-150,736,1545
1470,5957,1395,7413,-697,-281,956
1471,-1230,6901,7933,1273,-322,925
1472,5426,5048,1740,-1118,154,-1920
1473,-5871,2642,7106,495,-215,193
1474,-5519,5283,5388,352,-1239,620
1475,865,-4198,-2321,944,-463,1717
1476,683,1105,-5822,-913,920,1601
1477,6268,-1276,-6614,-663,1918,-1488
1478,6889,5875,-181,-264,-822,-38
1479,-608,5330,-7887,536,1375,-541
1480,4847,7929,-4594,1449,-1940,-282
1481,6276,-5831,6349,55,-1899,-936
1482,5371,-4650,-1201,1064,1168,-1633
1483,7947,4083,-6211,-1377,887,-1981
1484,-6853,-7786,-7055,1227,-1657,1727
1485,917,7291,-4571,-1652,1617,-802
1486,-1057,-5384,6395,1120,1285,1786
1487,-3100,-5865,-3371,-646,-913,-1185
1488,580,5623,-5203,-1802,158,544
1489,-2556,-1128,5953,1535,-549,-1232
1490,-6341,6541,4473,-118,1071,1465
1491,-919,-3938,-44,-708,-432,-253
1492,-6377,921,-7001,1869,-443,436
1493,946,5648,211,-447,-1860,-711
1494,-5304,-3294,4528,556,1152,1698
1495,7825,-4128,1516,-851,648,934
1496,4822,6806,-1277,409,-1149,1090
1497,207,-5628,-5636,-1237,-979,-945
1498,1099,7712,517,990,-583,529
1499,-4917,-7186,-6095,-485,1441,-598
1500,-4918,6578,6289,-1752,988,878
1501,-4458,-4678,-7281,1148,-1841,1027
1502,-6900,6889,-6000,-1477,261,1732
1503,6626,-6779,6390,209,990,1544
1504,378,621,6152,1442,1837,865
1505,6183,7365,-7226,-511,-1323,1600
1506,1665,6706,-7770,-1581,35,-972
1507,3749,-1928,4057,-518,-1016,-809
1508,-7627,7818,4676,1750,-1824,-873
1509,7398,-4731,-3449,1769,-792,546
1510,233,7311,2393,-1456,1045,175
1511,1920,-7739,-3956,-1205,288,1437
1512,-7616,2404,-6370,583,-669,210
1513,-2699,-646,-5951,-1039,984,-1811
1514,5742,-3757,-6579,-1488,-254,-234
1515,6678,-2798,-4438,-1945,-1534,-1704
1516,3882,666,6286,-1076,1166,968
1517,-5708,1698,-7291,337,613,-272
1518,-2645,-583,-2291,-27,413,-1881
1519,4243,-1972,-4561,342,1663,718
1520,986,1104,7715,-479,730,1409
1521,-3088,6881,716,1625,1005,-387
1522,-3950,3942,2229,1944,-606,-473
1523,-7229,674,-3487,-1034,-1638,1402
1524,-3348,6181,-4080,-1565,-1085,-1656
1525,1676,6818,-6615,1150,1277,1924
1526,5785,5848,-1246,1077,66,-1267
1527,-5342,3092,-577,429,137,-1505
1528,1652,-885,-4401,364,292,-313
1529,-7586,-4422,6347,1706,800,1229
1530,-6986,4670,-3971,-126,1634,-741
1531,-1799,-6316,-7226,1351,-92,-1403
1532,-6878,7213,1185,1771,94,1340
1533,-1898,-4291,6406,666,393,852
1534,5117,-1339,-2105,685,-1902,462
1535,-3784,-4185,3359,-943,-1334,-1838
1536,2944,-1654,5090,-1444,-1085,441
1537,-1071,-192,-1570,838,-1056,-1447
1538,-4747,-6665,-7856,-1584,634,531
1539,-3427,-7777,1798,1225,104,-1463
1540,-210,-6040,4739,424,1450,1970
1541,832,2757,-1617,815,-1897,-423
1542,2283,-3819,4013,-1495,1283,836
1543,7647,-3659,2180,106,-1994,1544
1544,3294,-5913,-3173,-1675,204,-487
1545,-2692,-5305,-635,-908,1303,150
1546,3567,3988,-2535,-348,-139,1568
1547,6761,-6347,6587,284,1590,1294
1548,-2955,7464,-2722,-165,885,1937
1549,-1547,-1624,1714,24,265,-762
1550,2085,7220,6369,-1896,-130,861
1551,5982,-3317,-1548,-1267,1485,22
1552,2946,5107,-1800,1465,1909,890
1553,-2161,6253,1201,-193,1776,1427
1554,3498,-4535,5053,-495,-1555,-1498
1555,7792,-6333,-1508,1678,-1561,-1058
1556,-2413,-6583,4361,-98,-362,223
1557,-5026,-363,-1029,858,-1148,228
1558,7477,-4048,-79,-741,-713,530
1559,4934,-5015,-7190,-596,-872,357
1560,-4106,445,-1205,1298,431,1190
1561,-5221,5872,4027,702,424,-156
1562,3616,910,1386,930,-1892,-1358
1563,7926,3601,5210,-1931,647,-569
1564,-389,2712,7074,-322,-545,1346
1565,-6734,1982,-4314,-460,545,-1274
1566,-1237,2635,-2019,-161,399,-1239
1567,-3120,-5588,7726,1046,-1055,-609
1568,-1326,1938,916,-1758,-84,-350
1569,-5233,5269,-2482,-1300,205,-189
1570,-1677,5101,-5013,483,-782,-360
1571,1034,-512,-3922,-1984,-430,-802
1572,-4481,-6866,-6673,240,-685,1277
1573,-1777,5295,-834,-474,1241,-902
1574,7696,-1855,-176,-626,-1883,1124
1575,-5892,-6949,-6190,263,273,-545
1576,1181,6910,-1756,-1187,562,-699
1577,7600,7993,7481,168,1318,1166
1578,5842,6784,-4595,-1595,1500,-254
1579,249,482,-5747,588,-1196,-770
1580,3660,-3113,-3830,-1177,-1101,16
1581,2660,-4154,-6942,126,203,82
1582,5372,-6963,-4306,-1084,1773,1397
1583,-1911,3340,5217,820,57,-768
1584,-5221,5196,-1127,1713,1622,-1255
1585,-5972,-4369,174,-1598,-1558,-1917
1586,-7925,5439,-3062,-481,-73,803
1587,-2946,1837,-3960,624,29,-1443
1588,-4410,-2714,2523,-1376,-973,-1171
1589,-3490,6090,-2978,-934,610,1807
1590,-34,4328,5603,59,-997,1231
1591,-3666,3365,-1483,1433,-1751,1953
1592,4229,3320,5652,897,-20,-697
1593,-6609,3526,-4626,-392,-1407,1748
1594,-4791,-5260,-3962,580,424,-894
1595,-2101,4365,733,932,186,872
1596,-3107,4874,2527,-1588,-651,-505
1597,-2707,-3819,3498,1029,-1933,-1275
1598,4847,3789,-1270,852,1942,-1302
1599,7847,-2049,-5127,-1728,1877,-1879
1600,-5205,7719,-7219,-1221,-235,1869
1601,7815,-602,-3872,1113,-624,1755
1602,-4876,-6914,-6505,993,615,1023
1603,-1322,-7599,-5712,806,-158,-1075
1604,3015,-604,3129,-1930,281,581
1605,-440,6374,727,-1511,-1162,-1764
1606,-3123,-3033,-6701,701,1875,1038
1607,-4730,7900,-6816,1281,-834,-1274
1608,-883,7190,-1947,-724,1960,-534
1609,730,-3769,-1264,-8,-1737,552
1610,-2482,-5437,-812,587,952,1629
1611,629,-3025,-6415,1277,-1497,13
1612,3237,-2157,4622,72,211,1708
1613,5642,832,5608,-816,1541,1387
1614,-5562,-1776,-3777,-1772,-1819,817
1615,1499,-3522,-3592,-829,-1869,1803
1616,-3761,-2558,-1012,-684,1406,-186
1617,7003,838,6950,-662,1521,1930
1618,5167,2917,-3724,1489,1254,-838
1619,-4027,-530,7792,-1613,1241,996
1620,-3050,2684,3248,-1497,-1006,1894
1621,-4784,-779,-5991,1340,-1082,-177
1622,6098,2235,4708,-1184,-1616,535
1623,2075,2970,-4038,-1353,1619,-94
1624,5032,5142,1264,208,1706,1368
1625,2711,-7844,1723,686,-376,24
1626,-5009,1073,-132,549,1620,1330
1627,-7584,-5278,7061,-495,-1072,-1170
1628,3386,-7021,1813,428,268,386
1629,1000,-960,7821,536,-156,-94
1630,4911,4451,7231,301,1969,-1844
1631,1502,-6041,-4423,1390,-1726,-763
1632,-2378,3659,2298,-350,1601,-185
1633,5578,-5724,32,-1210,-1484,-1777
1634,-2942,-1848,-4492,616,1014,82
1635,4440,7755,3027,-1840,-793,1225
1636,6936,4057,-5995,-1281,-323,1015
1637,-6385,7939,4206,-1362,978,12
1638,-3021,-7050,7949,-1566,1832,-1064
1639,4835,5512,2565,-1653,1544,1289
1640,-6084,1223,-7471,-620,267,-1469
1641,5949,2056,1428,-1545,-221,-651
1642,-6340,-4473,-4442,1767,84,-1425
1643,-6648,-7670,-3147,-1554,1951,498
1644,-263,-6819,5241,-1020,-1138,-131
1645,-590,5791,6517,-123,-166,427
1646,7493,-1547,7352,-1998,-493,1172
1647,1632,-1648,822,1076,1975,1741
1648,2644,4029,6195,862,-252,770
1649,-2507,-186,-2078,83,-594,1779
1650,7229,2730,4465,288,1915,1298
1651,936,-2246,4776,758,1233,894
1652,7337,1398,-1833,-52,330,-1727
1653,-313,-668,5724,-1567,793,-128
1654,-5117,-5477,-5818,-377,1084,1746
1655,-1501,-1050,3746,1946,136,959
1656,5892,-5824,7443,1787,-478,1685
1657,-279,3602,3180,1022,-1251,485
1658,-5102,-5462,4643,762,669,1705
1659,2354,-1890,-284,1967,839,1680
1660,-6107,-7817,-6348,354,-836,734
1661,-1114,6435,5317,-892,-1625,945
1662,-6378,-1102,-4767,-531,-765,1582
1663,890,7240,581,-157,-1704,253
1664,-954,-6246,-4094,550,460,599
1665,-2677,3537,-2655,-1340,-622,1332
1666,5879,986,-5154,-69,1432,585
1667,-241,5482,-633,1050,394,-856
1668,-3527,4447,-1799,1481,958,5
1669,-5386,2649,6787,1836,1483,711
1670,5930,-4683,3037,537,-1852,1615
1671,359,-4326,6862,843,-1477,1499
1672,-1675,-5350,4072,1132,-865,1495
1673,2513,6644,3041,-69,867,770
1674,468,1210,-4598,1602,-1813,-41
1675,1175,-1422,6493,88,468,-1579
1676,1287,7181,1708,1514,-914,-1555
1677,2340,6901,-7085,1413,953,-463
1678,3361,-612,6866,-1881,-131,234
1679,163,-1111,-3364,258,979,-713
1680,-2257,-5150,-3061,-993,-358,-1591
1681,-2406,5871,3277,402,-1088,-943
1682,467,-1395,1495,525,214,-1213
1683,5717,424,-1329,484,-1843,-134
1684,1014,7267,-6914,-1562,-1164,-40
1685,1381,6717,5124,-253,701,-715
1686,2272,-2572,7363,187,1385,1728
1687,-7955,-4684,-536,-1240,282,566
1688,-1766,-5332,2905,961,1941,1857
1689,914,-6202,2561,-1655,-1883,-1683
1690,-6221,6311,4930,-1491,1610,-1078
1691,-355,1922,5635,1102,832,-1804
1692,5398,-656,-7649,-678,977,1717
1693,2884,5453,-4476,1424,823,1674
1694,986,-6874,2126,565,130,-297
1695,-6368,-7074,213,-60,144,-651
1696,2846,-4720,-5882,968,-915,732
1697,-2202,573,-7110,505,889,-370
1698,-5186,1398,-3661,1607,1889,1960
1699,-6681,2992,-6488,-1076,-1463,-1314
1700,-153,6674,-7841,913,1502,-1473
1701,4414,-464,-6687,725,442,482
1702,-3275,-6267,4966,1261,845,307
1703,7324,2299,-7628,1111,351,21
1704,-4738,-7741,2037,-1108,114,1592
1705,-6010,6819,7786,1474,-1517,1973
1706,5870,-4659,-4712,-1893,-254,-979
1707,1154,-5574,1127,1424,1346,-1589
1708,7442,-7665,-4453,-1738,1390,-1191
1709,7909,-3941,-2002,36,-1605,543
1710,6315,7567,4765,1694,954,36
1711,-395,-3793,4396,-54,1474,1838
1712,3950,4819,-4246,1404,-280,846
1713,6130,-4302,-7494,815,84,870
1714,6201,7009,-5864,928,-1647,-527
1715,-6267,-654,7689,1009,722,-1758
1716,-1393,-1610,2425,-1915,-1431,-1627
1717,6170,6590,-419,1150,178,306
1718,5518,3054,-6661,888,-664,-524
1719,-2445,-3209,-7528,-1288,-1030,880
1720,-2553,-3618,5385,-219,-1428,-600
1721,5267,4247,-2449,-1608,550,319
1722,-1132,2319,3279,-475,1327,1720
1723,1685,-1341,-3772,661,-316,-1871
1724,1452,-4241,-4756,-240,1958,1204
1725,-3775,5171,-7557,1518,668,-824
1726,2424,1591,-3366,39,-360,979
1727,4698,2310,-700,-1898,1207,1542
1728,6060,-5690,-349,800,-1007,-911
1729,4509,3338,-3898,-1216,1322,1133
1730,-4461,4942,-4083,-576,-413,1027
1731,-5642,-6816,-7370,-971,-1353,1375
1732,-1135,-2992,6531,301,-675,313
1733,-3050,5770,-4127,970,337,-413
1734,6701,4579,-2987,-1607,653,-611
1735,-7682,-7172,-541,1016,-1537,988
1736,1756,3812,6733,1905,923,127
1737,6145,-5751,7222,1295,52,883
1738,5061,-2961,1587,554,652,-788
1739,996,2507,6792,-254,-1233,-1637
1740,-6237,6183,3598,210,-70,-721
1741,-1668,755,7755,1221,-1979,1561
1742,1823,-3711,-5822,-65,-585,-808
1743,-2007,-5631,-88,-309,1101,-718
1744,-3343,-5585,5698,-1587,-206,1186
1745,-4758,2352,6302,-1625,1709,1310
1746,-3666,5129,7945,233,1317,-1076
1747,5179,1462,-1723,793,-1899,1699
1748,1876,7051,-3330,-907,899,1156
1749,7269,-4229,93,1768,751,-1808
1750,2092,-3032,-715,1065,-1813,696
1751,1732,3762,2830,946,1145,1689
1752,3014,-1946,-2153,1742,156,131
1753,4295,2596,7391,792,327,1028
1754,1142,-7893,1836,-453,-1618,-431
1755,6892,1868,6994,-1434,-60,1388
1756,-1175,-7590,-606,-1815,840,1819
1757,-70,-527,5269,65,1158,492
1758,-5511,4005,5390,-1884,-1372,-1037
1759,-5677,1781,-3636,-319,-1403,-763
1760,-1844,-6732,-5839,1911,1343,-504
1761,-7974,-3161,-7449,714,-1320,521
1762,-5694,-5306,-7417,-831,1997,1338
1763,-2499,7108,6557,-1455,227,1278
1764,1823,5310,421,272,192,-1560
1765,-2466,-7967,-6871,-342,960,1507
1766,2437,-7069,3996,-1815,1586,-1320
1767,1979,5919,-5127,-1305,1535,1753
1768,16,3279,3855,-900,983,784
1769,480,6847,6177,-22,-1657,603
1770,-77,-940,335,-1184,1386,618
1771,4305,-7970,-143,-1708,551,1434
1772,7621,3758,-3875,1680,1936,846
1773,-83,549,-7348,-873,-1850,-214
1774,-6305,-4336,-962,1139,-1673,-444
1775,-2478,5372,1746,356,-1009,1848
1776,-2272,-7659,736,-1860,19,779
1777,2872,-6920,-7596,-1104,672,787
1778,-611,-1862,-3047,799,1062,630
1779,2692,3511,-4102,-1596,-1177,1993
1780,-5953,4193,4196,1089,-1346,1908
1781,-1261,6306,4968,1112,937,-1606
1782,-4847,5117,3486,458,-659,-786
1783,5566,7346,4918,339,-252,-631
1784,-2836,-5467,-4769,6,-162,-143
1785,6685,3147,3567,-1090,-1356,-1790
1786,4957,6505,-6289,229,534,-270
1787,2571,2169,5231,-1411,-1641,1723
1788,-5388,6986,-2051,535,-1133,730
1789,5546,782,7484,245,-1005,-1480
1790,939,699,5486,1710,-933,590
1791,2458,4349,7496,45,-1054,697
1792,-6265,-3731,3456,1354,-809,-912
1793,3053,-1386,4673,95,-1271,-1111
1794,-7321,4149,-7047,847,10,-1668
1795,-2713,-538,3824,803,77,-15
1796,6697,6920,-3514,1384,-1272,452
1797,6114,-1436,-2581,1424,400,-557
1798,6537,5749,7732,857,-1809,8
1799,-3595,-6707,-3902,368,-1496,1406
1800,2902,-6848,2791,1169,-1073,1369
1801,118,4282,1819,-1660,1938,105
1802,5363,-7695,-7760,195,1096,505
1803,3611,-5821,-6134,616,763,-403
1804,-6069,-304,3638,-624,-357,936
1805,7866,-2334,3570,-199,-1929,-1121
1806,952,6148,5798,516,-433,-823
1807,-4853,4024,3694,26,1709,1167
1808,2994,-3487,2219,-245,-513,-946
1809,85,1740,3804,-300,884,39
1810,-5021,-964,5786,-1503,1575,1370
1811,-5061,-1382,-3991,964,-1330,863
1812,3100,-4258,-6681,-1396,-1484,1525
1813,1539,-1354,-5488,-1409,494,-1070
1814,-1139,-448,-4852,-219,1387,-471
1815,-3372,-4785,4814,-25,-1719,-867
1816,3952,5895,-7702,989,1848,-1666
1817,6364,1770,2547,514,1116,440
1818,-4659,-2667,3864,812,63,1079
1819,-4423,-3494,4025,-689,153,259
1820,-1959,-429,1579,1335,598,-749
1821,3372,7989,278,-1047,-792,-1644
1822,487,7180,-1360,1252,-1178,-1279
1823,-6559,4556,-5388,-1177,-1466,-698
1824,2768,7780,2334,1804,241,-1202
1825,5388,-3034,4287,1596,54,736
1826,-2510,-3294,-2501,-525,898,-763
1827,-1398,-6313,812,-1318,846,-792
1828,-5312,1822,-5526,1600,-1349,1444
1829,-1505,7740,4006,-40,-1276,1970
1830,2206,7456,-5412,689,-1987,1413
1831,-5376,1821,-6531,-1711,1724,1477
1832,-23,2085,-7608,-1831,-1772,82
1833,5517,-4720,-24,-210,-261,787
1834,2786,-3397,-6235,1202,991,1484
1835,-4341,5405,7601,-1864,420,491
1836,-1270,-45,-1192,-803,699,-1184
1837,7590,-3677,-3368,-1803,189,456
1838,6430,4366,3557,250,619,-465
1839,-7380,-1208,3520,782,-705,60
1840,-2197,619,-3611,-1557,-1246,-1436
1841,-4668,7771,-5606,-335,-348,-1749
1842,-2671,3622,889,-73,-1450,406
1843,6593,1192,5338,-1870,-986,-1551
1844,5836,-6387,-7962,1078,1986,-537
1845,2015,-3499,-1839,-1360,-120,-1430
1846,-1623,-7553,7736,-587,-1912,-874
1847,-6964,1326,7206,-884,-1484,-1061
1848,7520,-5433,-2774,1445,-1770,-162
1849,7395,5919,4401,-251,-1488,-1723
1850,650,-5730,856,-460,-396,-1192
1851,6485,3829,-668,492,-592,-1446
1852,712,-582,-4724,1362,-786,-806
1853,3641,6907,6470,1191,1657,299
1854,-7859,-7624,-1277,1895,1282,-144
1855,-4292,5548,-724,-1061,-42,997
1856,-3509,-2006,-3566,1312,-1698,-347
1857,1685,1847,4687,-1006,-181,1739
1858,7200,-2168,-6429,-671,602,736
1859,-3737,489,-2186,332,-552,57
1860,295,-1546,-39,1502,796,-1371
1861,-2305,714,3687,-1063,-613,664
1862,6145,-5176,-2084,781,473,573
1863,-6365,-622,-2281,1849,639,-656
1864,320,7510,3893,-384,-1761,1787
1865,7080,-1609,2533,-891,397,-181
1866,573,-1941,2895,1573,-1739,-1997
1867,7849,2081,4867,1399,99,-392
1868,7198,3153,-556,-18,415,1291
1869,6128,1000,5559,1733,-1497,-870
1870,6383,6664,-2947,-546,-1461,100
1871,1172,-5,-3763,-888,1705,-132
1872,-678,6603,7403,1924,-29,1765
1873,6350,6789,7192,670,733,27
1874,35,-6108,-1786,-1329,-162,-1552
1875,-6841,-3056,-7073,-365,-1405,1992
1876,4742,-2272,4255,-1765,582,-369
1877,-5535,115,3798,921,441,-1173
1878,6887,-3262,1030,-637,1675,1781
1879,-6146,767,-933,-1934,176,-1040
1880,-4310,-82,-3779,1618,-819,-818
1881,1126,5384,7718,-118,323,-1664
1882,-7207,-2346,-2993,1400,-1721,-757
1883,795,-7935,7295,-131,1254,-763
1884,4568,-1219,-3597,1213,-1396,1109
1885,2152,6044,7594,1350,-702,-534
1886,1416,4260,3789,567,-1053,-1661
1887,5985,7104,46,-424,1350,-632
1888,-1787,-3668,1310,-1921,424,782
1889,1483,2424,3493,-21,1254,852
1890,-4927,5009,901,-877,243,643
1891,-2390,-523,2907,1979,1073,-331
1892,790,-7731,6877,-1756,-1007,1376
1893,7068,2789,-2427,-1752,1581,1677
1894,-5880,3176,-4159,824,-1883,-1612
1895,5334,-3239,5874,-1559,1972,-920
1896,6991,5467,-9,405,466,-1024
1897,700,-5308,-7618,1254,149,705
1898,6241,-3397,-804,1258,-227,1626
1899,-7821,5082,-2289,1396,-164,744
1900,-6105,-7687,-4017,-953,-1819,-625
1901,3929,-3848,39,432,-1585,1998
1902,-7504,5559,-7096,1047,-476,27
1903,-6044,668,26,1999,-1185,1670
1904,1053,-1131,-1548,-143,191,286
1905,963,6168,4675,-1178,62,1725
1906,6346,3123,-6102,-224,-537,1760
1907,645,545,1043,-746,-1970,273
1908,-2667,-4690,1144,-685,-1859,594
1909,2962,-6757,1846,1543,1185,-1265
1910,-3967,2376,2621,1963,-897,-578
1911,2837,-4419,5278,-1924,1253,-590
1912,6232,6097,7338,-801,605,-1512
1913,-5713,-6910,1219,828,1900,-1538
1914,-4928,6064,-1847,-309,-1478,-892
1915,3552,554,2607,291,-626,-456
1916,-6207,6350,3815,-1607,1454,540
1917,-6992,2491,5152,-179,-1942,260
1918,3594,-7228,7275,-203,-82,-1209
1919,-278,-3893,-7464,-850,1434,855
1920,-582,-2698,7424,-1065,-1486,-1570
1921,-2149,6825,2298,-539,1145,-1968
1922,7286,-549,-266,-1939,-1012,1653
1923,4522,-4588,-7404,466,-555,1456
1924,1531,-3356,387,-881,-1536,502
1925,1022,1438,7526,1241,-1904,-49
1926,7394,-4009,4382,1258,-346,1573
1927,-4217,524,-484,20,1722,-1410
1928,-1722,-5847,-5532,1996,1816,-363
1929,-3846,4269,-5193,1529,1604,-865
1930,-5364,-7130,7370,-1369,-906,44
1931,6182,230,801,-554,-193,-1247
1932,-5240,-7088,-1726,1364,1215,-1434
1933,-1891,-1116,-424,1803,-614,-321
1934,-175,4745,-4939,877,-1184,429
1935,2621,-77,-3985,-661,-1244,-1818
1936,2973,6812,5587,1599,1645,27
1937,568,-3434,7086,-55,-486,-571
1938,679,991,4147,-88,1142,1707
1939,-3586,-3055,-5289,1906,-760,1909
1940,-4712,-6796,1717,658,-1147,-11
1941,4873,-6223,6708,291,-1063,-890
1942,-3925,-4274,6861,-1803,374,-1859
1943,-6705,-4622,111,508,28,1821
1944,4049,725,1830,394,301,-1781
1945,-159,618,5678,1165,1316,-1617
1946,3270,-7809,4229,-1035,-165,-331
1947,2645,7760,1524,443,-641,1815
1948,-988,7637,6753,1426,1543,1784
1949,167,4260,-6721,1680,1283,1967
1950,-6577,-1710,3312,-671,-1343,-238
1951,4627,4842,7785,271,-1117,1843
1952,3730,-2703,-1106,-88,1336,386
1953,-7211,-935,3913,-1645,-250,287
1954,3887,3508,-6136,-584,-1504,584
1955,2599,-666,-2241,-1465,571,1883
1956,1848,6723,-5287,88,561,-731
1957,-5028,2427,573,-451,-1998,-881
1958,5077,3332,-7730,301,-185,1086
1959,-299,5234,-2024,-1314,-1101,1674
1960,-2095,-1309,-3812,1821,-1948,473
1961,3206,-3450,-5526,1672,619,-22
1962,2717,-2902,-7259,891,-596,979
1963,-1161,3510,-4866,-2,1854,-1065
1964,7852,-1038,4148,1618,-1138,1528
1965,-4678,-1405,-3622,-200,-809,-1490
1966,1129,6999,-4598,1640,1149,441
1967,1158,-6335,-4462,-887,-151,-704
1968,5585,-5583,-6348,722,-1667,732
1969,3916,-6677,6225,-289,-362,-238
1970,2699,4233,5770,-1811,204,-318
1971,-5951,-1608,-4839,105,-1974,863
1972,-3388,3348,3392,-1754,735,-1853
1973,-2002,6576,-3966,501,-266,211
1974,-5936,3911,-1523,-1317,-634,724
1975,3004,2928,4960,-1735,-324,1398
1976,3481,1964,1101,-206,300,-1948
1977,4405,477,-5119,-910,1415,-1729
1978,-7630,1850,-7571,-1637,-1915,-51
1979,-3515,-1722,-7066,1532,-1094,-1513
1980,324,3953,4747,512,1559,-253
1981,6464,-6261,-993,1775,10,-1211
1982,7194,-2285,2917,-616,43,412
1983,-7299,4947,3776,-49,1379,758
1984,-5407,-2267,-1765,-1915,1356,1571
1985,3057,7591,5269,-1025,-697,-849
1986,5933,-7074,-1971,-538,-666,958
1987,-3826,-7347,-7517,-842,-1877,489
1988,6885,-3975,6451,725,522,911
1989,6108,7868,-4280,962,-900,1425
1990,4227,5432,-588,-1732,-1734,-1564
1991,7121,-7877,-5994,1822,956,1262
1992,2396,5401,1739,1666,-1613,-1388
1993,-7619,-2236,-7551,-1052,-1151,1156
1994,-5675,-2939,-6712,1595,666,628
1995,-554,4304,-2400,1927,-300,-83
1996,-960,1359,-4219,-1147,163,643
1997,1835,5939,-7846,-472,481,990
1998,3449,2082,5670,-1905,718,965
1999,-5337,-3834,-1780,-1260,590,1458
2000,-6021,-4127,6240,-1697,217,-512
2001,3297,-6217,-7993,1236,-117,1358
2002,5816,-7518,7927,-1635,1735,-378
2003,1961,-5549,-1012,71,-1087,440
2004,-3422,7510,3557,1243,-1110,549
2005,-7562,-4500,4604,708,-1499,-853
2006,7636,-607,121,-1465,-184,-1508
2007,7423,-7914,-5549,-918,-628,-470
2008,-2288,-6315,872,-1922,755,-568
2009,1851,6263,-2035,646,1332,-299
2010,-2867,-3911,-4516,-1708,-1730,-1829
2011,-3626,-1132,-5387,-106,-1693,252
2012,5192,6836,-6523,456,1105,331
2013,5135,-3510,7952,1689,-794,964
2014,6713,534,4235,1052,-1645,1958
2015,103,-3812,3229,-1917,264,1486
2016,-2583,2295,-4363,727,-1059,-1982
2017,-7088,2432,3364,456,-478,1656
